,Never,Rarely,Sometimes,Frequently,Always,Always-Freq,Never-Rare-Some,Rural Code,Urban Code,Per Less than HS,Per Only HS,Per Some College,Per Bachelors or Higher,Population,Unemployment Rate,Per of Median HH Income,Per in Poverty,Per of Cases,Per of Deaths
1925,0.039,0.105,0.041,0.237,0.578,0.815,0.185,4,5,0.096,0.22,0.315,0.369,100880,0.038,1.11420509338379,0.113,0.008802537668517,0.000198255352895
1011,0.055,0.057,0.122,0.236,0.531,0.767,0.234,3,2,0.1,0.347,0.324,0.229,101511,0.039,1.00696571350098,0.154,0.006885953246446,6.89580439558274E-05
2030,0.098,0.08,0.115,0.156,0.551,0.707,0.293,4,3,0.122,0.451,0.279,0.148,101883,0.048,0.897604904174805,0.132,0.015370572126851,0.000588910809458
1887,0.034,0.068,0.212,0.215,0.47,0.685,0.314,3,2,0.118,0.259,0.366,0.257,102139,0.041,0.930020217895508,0.138,0.006128902769755,9.79057950440087E-05
1855,0.012,0.01,0.046,0.098,0.833,0.931,0.068,3,2,0.058,0.194,0.221,0.527,102180,0.036,0.821455307006836,0.169,0.002250929731846,1.95733020160501E-05
27,0.096,0.103,0.178,0.122,0.501,0.623,0.377,3,2,0.155,0.329,0.339,0.177,102268,0.033,0.831488647460938,0.188,0.018950209254117,0.000234677513983
2017,0.085,0.104,0.114,0.382,0.314,0.696,0.303,3,2,0.104,0.385,0.332,0.178,102351,0.04,0.992623977661133,0.129,0.006204140653242,0.000410352610136
1188,0.009,0.018,0.054,0.182,0.738,0.92,0.081,1,1,0.11,0.377,0.285,0.228,102855,0.04,0.869154205322266,0.103,0.006134850031598,0.000291672743182
2216,0.039,0.034,0.083,0.238,0.606,0.844,0.156,3,2,0.114,0.405,0.257,0.224,103009,0.033,1.06699234008789,0.076,0.004553000223281,0.000194157792038
876,0.113,0.165,0.137,0.16,0.425,0.585,0.415,3,2,0.133,0.322,0.315,0.23,103107,0.027,0.945184173583984,0.128,0.035206145072595,0.000475234465167
1228,0.014,0.055,0.103,0.202,0.627,0.829,0.172,3,2,0.104,0.347,0.36,0.189,103126,0.047,0.842209625244141,0.134,0.00525570661133,0.000300603145666
3032,0.121,0.155,0.158,0.244,0.322,0.566,0.434,3,2,0.083,0.366,0.324,0.227,103403,0.029,1.0269255065918,0.073,0.005270640116824,5.80253957815537E-05
1203,0.006,0.011,0.063,0.116,0.804,0.92,0.08,2,2,0.119,0.325,0.288,0.268,103609,0.046,0.627290992736816,0.16,0.012421700817497,0.000424673532222
1600,0.076,0.167,0.159,0.224,0.374,0.598,0.402,5,8,0.061,0.299,0.341,0.299,103806,0.047,1.07137367248535,0.094,0.002437238695258,1.92667090534266E-05
3077,0.116,0.146,0.137,0.191,0.41,0.601,0.399,4,3,0.094,0.316,0.307,0.283,103868,0.033,1.00786888122559,0.095,0.011793815227019,0.000202179689606
1507,0.122,0.086,0.1,0.233,0.458,0.691,0.308,1,1,0.12,0.328,0.352,0.201,103967,0.032,1.0706404876709,0.093,0.004963113295565,0.000173131859148
643,0.016,0.062,0.088,0.286,0.549,0.835,0.166,3,2,0.097,0.344,0.333,0.225,104009,0.053,0.755056915283203,0.167,0.004326548664058,0.000221134709496
1554,0.044,0.04,0.088,0.189,0.638,0.827,0.172,1,1,0.046,0.218,0.318,0.418,104418,0.027,1.47199996948242,0.053,0.003045451933575,9.57689287287632E-05
535,0.185,0.068,0.203,0.142,0.403,0.545,0.456,3,2,0.306,0.289,0.247,0.157,104628,0.044,0.857385025024414,0.127,0.029963298543411,0.000248499445655
3030,0.042,0.076,0.203,0.255,0.424,0.679,0.321,3,2,0.065,0.253,0.364,0.318,104646,0.031,1.01238761901855,0.106,0.004634673088317,2.86680809586606E-05
604,0.007,0.012,0.034,0.191,0.756,0.947,0.053,1,1,0.076,0.255,0.355,0.314,104897,0.041,0.934462203979492,0.13,0.007969722680344,0.000276461671926
2689,0.033,0.041,0.101,0.18,0.645,0.825,0.175,1,1,0.079,0.196,0.323,0.403,104915,0.031,1.65141159057617,0.048,0.006862698374875,0.000162035933851
1312,0.024,0.128,0.183,0.296,0.368,0.664,0.335,1,1,0.036,0.19,0.293,0.481,105089,0.028,1.36713226318359,0.043,0.007146323592384,1.9031487596228E-05
1768,0.035,0.02,0.044,0.152,0.749,0.901,0.099,2,2,0.088,0.315,0.278,0.318,105267,0.033,0.979157409667969,0.071,0.012758034331747,0.001614941054652
2988,0.046,0.077,0.139,0.221,0.517,0.738,0.262,3,2,0.077,0.288,0.222,0.413,105612,0.036,1.14371444702148,0.191,0.008606976479945,4.73431049501951E-05
1490,0.027,0.082,0.17,0.185,0.535,0.72,0.279,1,1,0.076,0.331,0.331,0.261,105780,0.03,1.28770370483398,0.079,0.006248818302137,0.000113442994895
34,0.085,0.079,0.135,0.268,0.433,0.701,0.299,3,2,0.143,0.316,0.33,0.21,105882,0.03,0.968457260131836,0.194,0.012400596890879,0.000132222662964
340,0.025,0.056,0.145,0.138,0.635,0.773,0.226,3,2,0.153,0.38,0.298,0.17,106221,0.045,0.772374038696289,0.158,0.011268958115627,0.000273015693695
1434,0.029,0.043,0.184,0.242,0.502,0.744,0.256,2,2,0.082,0.166,0.276,0.477,106272,0.044,1.54206588745117,0.101,0.021379102679916,0.00049872026498
2330,0.128,0.054,0.154,0.182,0.483,0.665,0.336,3,2,0.164,0.31,0.342,0.185,106721,0.034,0.880251922607422,0.178,0.021448449695936,0.000421660216827
2070,0.077,0.07,0.19,0.227,0.436,0.663,0.337,2,2,0.098,0.368,0.308,0.226,106987,0.037,1.0821068572998,0.088,0.007122360660641,0.00033648948003
771,0.118,0.064,0.102,0.25,0.466,0.716,0.284,3,2,0.119,0.322,0.314,0.245,107038,0.043,0.834510650634766,0.208,0.004269511762178,0.00010276724154
2215,0.021,0.035,0.072,0.143,0.729,0.872,0.128,1,1,0.117,0.256,0.362,0.265,107100,0.034,1.07258605957031,0.106,0.003267973856209,0.000102707749767
388,0.215,0.05,0.123,0.143,0.47,0.613,0.388,1,1,0.17,0.33,0.306,0.195,107738,0.033,0.972623062133789,0.125,0.014693051662366,0.00054762479348
1845,0.027,0.029,0.095,0.149,0.701,0.85,0.151,4,5,0.113,0.369,0.282,0.236,107740,0.055,0.718259811401367,0.189,0.002422498607759,3.71264154445888E-05
2827,0.043,0.052,0.087,0.25,0.568,0.818,0.182,1,1,0.069,0.256,0.283,0.392,107766,0.024,1.18769203186035,0.051,0.00545626635488,0.000287660301023
2404,0.121,0.098,0.126,0.282,0.373,0.655,0.345,3,2,0.157,0.323,0.301,0.219,108110,0.035,0.93732048034668,0.145,0.015548977892887,9.24983812783276E-05
1166,0.083,0.099,0.041,0.199,0.577,0.776,0.223,3,2,0.097,0.365,0.315,0.222,108277,0.03,1.00227798461914,0.104,0.005079564450437,6.46490020964748E-05
80,0.042,0.051,0.048,0.198,0.66,0.858,0.141,2,2,0.076,0.322,0.39,0.212,108317,0.069,0.982552490234375,0.096,0.002769648346982,1.84643223132103E-05
635,0.018,0.046,0.113,0.267,0.556,0.823,0.177,4,3,0.113,0.356,0.351,0.179,108669,0.053,0.860082092285156,0.122,0.004573521427454,0.000165640615079
2787,0.023,0.022,0.054,0.093,0.81,0.903,0.099,3,2,0.086,0.166,0.213,0.535,109330,0.025,1.12895088195801,0.067,0.006777645659929,0.000109759443885
2258,0.028,0.044,0.094,0.215,0.62,0.835,0.166,2,2,0.102,0.435,0.238,0.226,109424,0.049,0.852556915283203,0.131,0.003116318175172,8.22488667933908E-05
1835,0.001,0.012,0.031,0.107,0.849,0.956,0.044,1,1,0.066,0.268,0.322,0.345,109777,0.039,0.926649856567383,0.081,0.003179172322071,0.000236843783306
1823,0.008,0.058,0.038,0.116,0.78,0.896,0.104,3,2,0.089,0.34,0.348,0.223,109834,0.056,0.747230606079101,0.146,0.00118360434838,9.10464883369449E-06
631,0.044,0.084,0.096,0.249,0.527,0.776,0.224,3,2,0.121,0.336,0.333,0.21,109862,0.05,0.877925796508789,0.127,0.015847153701917,0.000618958329541
733,0.084,0.075,0.168,0.206,0.466,0.672,0.327,3,2,0.117,0.393,0.311,0.179,109888,0.043,0.979346389770508,0.134,0.007471243447874,0.000263905066977
1242,0.047,0.039,0.147,0.247,0.52,0.767,0.233,2,2,0.061,0.28,0.391,0.268,110268,0.034,1.10700248718262,0.075,0.004090035186999,6.34816991330214E-05
121,0.078,0.123,0.138,0.341,0.32,0.661,0.339,3,2,0.109,0.341,0.287,0.263,110332,0.028,0.974418640136719,0.169,0.010006163216474,9.96990900192147E-05
1156,0.068,0.052,0.14,0.221,0.519,0.74,0.26,3,2,0.215,0.386,0.241,0.158,110461,0.046,1.01195510864258,0.19,0.024379645304678,0.000669919700166
2926,0.041,0.02,0.098,0.216,0.625,0.841,0.159,3,2,0.115,0.307,0.412,0.166,110593,0.06,0.728525314331055,0.126,0.003987594151529,4.52108180445417E-05
100,0.091,0.108,0.059,0.139,0.602,0.741,0.258,4,5,0.172,0.301,0.369,0.158,110924,0.073,0.655778961181641,0.252,0.047374779128052,0.001694854134362
1028,0.057,0.062,0.106,0.217,0.558,0.775,0.225,3,2,0.095,0.303,0.371,0.23,110958,0.041,1.10438995361328,0.107,0.004659420681699,7.20993529083076E-05
2190,0.082,0.052,0.116,0.239,0.511,0.75,0.25,4,5,0.109,0.324,0.395,0.172,110980,0.049,0.730938720703125,0.118,0.00115336096594,9.01063254640476E-06
487,0.094,0.076,0.123,0.207,0.5,0.707,0.293,1,1,0.142,0.336,0.326,0.196,111744,0.039,0.939822463989258,0.112,0.014014175257732,0.000313215922108
2256,0.062,0.057,0.06,0.207,0.614,0.821,0.179,3,2,0.102,0.391,0.279,0.228,113299,0.048,0.84724609375,0.136,0.002930299473076,0.000176524064643
1199,0.04,0.009,0.036,0.152,0.763,0.915,0.085,3,2,0.102,0.3,0.284,0.315,113510,0.033,1.02861129760742,0.077,0.007964056030306,0.000458109417672
7,0.152,0.108,0.13,0.167,0.442,0.609,0.39,3,2,0.159,0.324,0.337,0.18,113605,0.035,0.922273101806641,0.172,0.01302759561639,7.92218652348048E-05
2384,0.127,0.078,0.159,0.222,0.414,0.636,0.364,3,2,0.062,0.286,0.345,0.307,113775,0.034,0.975254058837891,0.12,0.007189628653043,0.000246099758295
705,0.095,0.109,0.124,0.197,0.475,0.672,0.328,3,2,0.107,0.346,0.305,0.243,114135,0.039,0.79684814453125,0.215,0.005519779208832,0.000464362377886
436,0.06,0.086,0.131,0.218,0.505,0.723,0.277,1,1,0.052,0.207,0.275,0.465,114421,0.03,1.52644073486328,0.054,0.008293932057926,0.000218491360852
1601,0.132,0.093,0.115,0.213,0.448,0.661,0.34,5,8,0.033,0.188,0.289,0.49,114434,0.023,1.28792266845703,0.103,0.007550203610815,2.62159847597742E-05
330,0.079,0.05,0.113,0.157,0.602,0.759,0.242,2,2,0.08,0.339,0.337,0.244,115081,0.038,1.06137031555176,0.097,0.007985679651724,8.68953172113555E-05
3072,0.128,0.114,0.174,0.199,0.385,0.584,0.416,3,2,0.073,0.363,0.324,0.239,115340,0.027,0.967761001586914,0.081,0.005080631177389,4.33500953702098E-05
2100,0.064,0.082,0.144,0.245,0.466,0.711,0.29,4,3,0.14,0.394,0.247,0.219,115710,0.032,1.00073249816895,0.099,0.004217440152104,0.000501253132832
309,0.022,0.041,0.082,0.137,0.718,0.855,0.145,2,2,0.114,0.33,0.315,0.241,116782,0.04,0.802192077636719,0.115,0.005934133684986,0.000128444452056
1838,0.017,0.003,0.094,0.119,0.766,0.885,0.114,2,2,0.122,0.376,0.315,0.186,117124,0.054,0.800133285522461,0.156,0.002083262183669,0
472,0.108,0.101,0.149,0.208,0.435,0.643,0.358,3,2,0.149,0.3,0.296,0.256,117406,0.035,0.749798202514648,0.204,0.024964652573122,0.00027255847231
2678,0.067,0.063,0.113,0.272,0.485,0.757,0.243,2,2,0.226,0.316,0.31,0.148,117415,0.027,0.642339630126953,0.203,0.029851381850701,0.000357705574245
1907,0.014,0.028,0.042,0.201,0.715,0.916,0.084,2,2,0.101,0.243,0.338,0.318,117417,0.033,1.07428382873535,0.106,0.011625233143412,0.000459899333146
3044,0.064,0.072,0.076,0.289,0.498,0.787,0.212,3,2,0.054,0.254,0.349,0.343,118016,0.029,0.931143569946289,0.118,0.00673637472885,8.4734273318872E-06
1222,0.05,0.035,0.133,0.283,0.5,0.783,0.218,4,5,0.093,0.378,0.301,0.227,118081,0.031,1.1183763885498,0.108,0.004217443957961,5.92813407745531E-05
697,0.068,0.06,0.141,0.228,0.501,0.729,0.269,1,1,0.108,0.342,0.341,0.209,118302,0.033,1.03165733337402,0.097,0.009103819039408,0.000439553008402
553,0.096,0.202,0.188,0.247,0.268,0.515,0.486,3,2,0.083,0.261,0.355,0.301,119062,0.024,1.07126419067383,0.093,0.005954880650417,1.67979708051267E-05
2959,0.065,0.049,0.196,0.166,0.524,0.69,0.31,2,2,0.112,0.375,0.304,0.21,119171,0.035,1.29497116088867,0.11,0.005462738417904,9.2304335786391E-05
2715,0.007,0.038,0.071,0.271,0.613,0.884,0.116,3,2,0.143,0.305,0.31,0.242,119200,0.03,0.855255737304688,0.129,0.019656040268456,0.000167785234899
1616,0.091,0.2,0.128,0.209,0.372,0.581,0.419,3,2,0.045,0.213,0.317,0.425,119600,0.032,1.00054153442383,0.118,0.002140468227425,8.36120401337793E-06
51,0.078,0.077,0.082,0.304,0.459,0.763,0.237,3,2,0.167,0.296,0.32,0.217,119679,0.026,1.049912109375,0.137,0.018290594005632,0.000125335271852
402,0.089,0.133,0.154,0.168,0.457,0.625,0.376,1,1,0.163,0.332,0.3,0.206,119992,0.034,0.955496368408203,0.149,0.014175945063004,0.000391692779519
2119,0.054,0.179,0.127,0.226,0.413,0.639,0.36,3,2,0.104,0.321,0.35,0.225,120749,0.037,0.940070190429688,0.176,0.006310611268002,8.28164208399241E-05
2085,0.066,0.08,0.213,0.221,0.419,0.64,0.359,3,2,0.132,0.398,0.292,0.178,121154,0.045,0.883806915283203,0.135,0.004382851577331,8.25395777275203E-05
1520,0.138,0.152,0.147,0.176,0.388,0.564,0.437,3,2,0.13,0.343,0.298,0.229,121328,0.03,0.802108917236328,0.188,0.013566530396941,4.12106026638534E-05
2222,0.041,0.132,0.083,0.249,0.495,0.744,0.256,3,2,0.091,0.454,0.247,0.208,121829,0.045,0.803782196044922,0.149,0.001756560424858,2.46246788531466E-05
901,0.006,0.009,0.024,0.227,0.734,0.961,0.039,3,2,0.045,0.18,0.271,0.504,122259,0.029,1.00856063842773,0.151,0.005422913650529,2.45380708168724E-05
1171,0.016,0.074,0.125,0.245,0.54,0.785,0.215,4,5,0.083,0.329,0.318,0.271,122302,0.029,0.941078491210937,0.115,0.001365472355317,8.99412928652025E-05
168,0.066,0.044,0.154,0.212,0.524,0.736,0.264,2,2,0.096,0.315,0.329,0.261,122437,0.028,1.36564666748047,0.096,0.00708936024241,3.26698628682506E-05
1958,0.017,0.018,0.09,0.132,0.744,0.876,0.125,3,2,0.159,0.305,0.34,0.195,123131,0.041,0.795183639526367,0.186,0.018671171354086,0.000300492970901
2584,0.053,0.064,0.074,0.186,0.623,0.809,0.191,3,2,0.162,0.287,0.344,0.208,123945,0.037,0.829695205688476,0.165,0.011142038807536,0.000177498083828
1792,0.057,0.015,0.118,0.255,0.555,0.81,0.19,3,2,0.158,0.307,0.383,0.152,123958,0.057,0.888122100830078,0.199,0.02419367850401,0.00146017199374
1757,0.007,0.038,0.065,0.085,0.804,0.889,0.11,1,1,0.049,0.212,0.219,0.52,124371,0.028,1.36706451416016,0.04,0.009584227834463,0.001013097908676
1207,0.03,0.004,0.049,0.082,0.834,0.916,0.083,3,2,0.089,0.299,0.279,0.334,124944,0.035,0.686172714233398,0.112,0.005234344986554,0.000368164937892
2287,0.012,0.022,0.034,0.126,0.807,0.933,0.068,1,1,0.059,0.227,0.265,0.45,125577,0.031,1.2282795715332,0.08,0.004698312589089,0.000509647467291
92,0.053,0.025,0.147,0.194,0.581,0.775,0.225,3,2,0.128,0.235,0.407,0.23,125922,0.057,0.784335861206055,0.166,0.012094788837534,0.000389129778752
128,0.066,0.027,0.077,0.403,0.426,0.829,0.17,2,2,0.087,0.305,0.307,0.3,126007,0.03,1.19302322387695,0.144,0.009443919782234,3.96803352194719E-05
1104,0.049,0.092,0.142,0.148,0.569,0.717,0.283,2,2,0.116,0.324,0.292,0.268,126604,0.041,1.62542068481445,0.096,0.019414868408581,0.000537107832296
2326,0.066,0.059,0.146,0.236,0.493,0.729,0.271,2,2,0.151,0.301,0.302,0.245,126884,0.028,0.939478378295898,0.153,0.013461114088459,0.000181267929763
1807,0.029,0.024,0.038,0.206,0.703,0.909,0.091,4,3,0.111,0.359,0.313,0.217,126903,0.047,0.69606315612793,0.163,0.001820287936455,3.9400171784749E-05
1109,0.068,0.096,0.144,0.225,0.468,0.693,0.308,2,2,0.107,0.295,0.342,0.256,127039,0.043,1.05815139770508,0.164,0.016168263289226,0.000527397098529
171,0.121,0.142,0.157,0.208,0.372,0.58,0.42,2,2,0.168,0.32,0.314,0.197,127827,0.033,0.998470001220703,0.159,0.013486978494371,0.000109523027216
2746,0.09,0.108,0.08,0.31,0.411,0.721,0.278,3,2,0.069,0.203,0.35,0.378,128289,0.022,0.834555206298828,0.131,0.014100975142062,3.11796023041726E-05
409,0.054,0.057,0.06,0.226,0.603,0.829,0.171,3,2,0.129,0.211,0.233,0.427,128331,0.036,0.662405166625977,0.257,0.013200240004364,0.000132469941012
632,0.001,0.009,0.065,0.136,0.788,0.924,0.075,1,1,0.079,0.234,0.333,0.354,128990,0.033,1.52554473876953,0.04,0.0103031242732,0.000186060934956
2947,0.035,0.097,0.037,0.177,0.653,0.83,0.169,3,2,0.103,0.263,0.371,0.263,129205,0.054,0.858619079589844,0.112,0.006238148678457,0.000170272048295
2241,0.053,0.064,0.144,0.161,0.578,0.739,0.261,1,1,0.114,0.492,0.232,0.162,129274,0.059,0.757308349609375,0.175,0.003117409533239,3.09420301065953E-05
2488,0.061,0.074,0.166,0.218,0.48,0.698,0.301,3,2,0.114,0.288,0.275,0.324,129375,0.035,0.925633850097656,0.158,0.007675362318841,1.54589371980676E-05
735,0.062,0.084,0.15,0.145,0.559,0.704,0.296,1,1,0.119,0.39,0.311,0.18,129569,0.037,0.939739990234375,0.131,0.006544775370652,0.000578842161319
1141,0.106,0.046,0.087,0.236,0.524,0.76,0.239,3,2,0.147,0.375,0.272,0.205,129648,0.051,0.97219612121582,0.183,0.02271535233864,0.000786745649759
2202,0.057,0.025,0.096,0.159,0.664,0.823,0.178,3,2,0.101,0.3,0.404,0.195,129749,0.043,0.912314224243164,0.126,0.001880553992709,7.70718849470902E-05
2226,0.026,0.062,0.153,0.228,0.53,0.758,0.241,3,2,0.087,0.449,0.25,0.214,130192,0.053,0.76901741027832,0.149,0.001989369546516,2.30428905001843E-05
1940,0.062,0.031,0.116,0.165,0.626,0.791,0.209,4,5,0.229,0.34,0.299,0.132,130625,0.054,0.633686485290527,0.315,0.01995023923445,0.00039043062201
1746,0.08,0.074,0.098,0.19,0.558,0.748,0.252,1,1,0.075,0.28,0.289,0.356,130633,0.023,0.909826812744141,0.088,0.002510851010082,9.95154363751885E-05
2102,0.029,0.061,0.086,0.252,0.572,0.824,0.176,2,2,0.059,0.311,0.299,0.331,130817,0.037,1.10253135681152,0.112,0.006841618444086,0.000443367452242
786,0.032,0.053,0.18,0.289,0.447,0.736,0.265,3,2,0.087,0.302,0.325,0.286,131228,0.032,0.970925598144531,0.137,0.022739049593075,0.000472460145701
675,0.044,0.04,0.141,0.215,0.56,0.775,0.225,2,2,0.074,0.319,0.343,0.264,131803,0.044,0.956568222045898,0.082,0.002738936139542,6.06966457516142E-05
2732,0.073,0.046,0.096,0.092,0.692,0.784,0.215,3,2,0.135,0.316,0.318,0.23,132230,0.032,0.804681167602539,0.139,0.006821447477879,6.80632231717462E-05
373,0.037,0.036,0.064,0.235,0.628,0.863,0.137,3,2,0.084,0.302,0.302,0.311,132420,0.046,1.07206321716309,0.089,0.008238936716508,0.000241655339073
1095,0.076,0.067,0.063,0.185,0.609,0.794,0.206,3,2,0.123,0.281,0.29,0.306,132896,0.039,1.01879211425781,0.154,0.01808933301228,0.000165542980978
2403,0.069,0.089,0.097,0.183,0.562,0.745,0.255,2,2,0.109,0.348,0.303,0.24,133088,0.032,1.05925384521484,0.105,0.008182555902861,5.25967780716518E-05
989,0.08,0.087,0.081,0.232,0.52,0.752,0.248,1,1,0.072,0.279,0.333,0.316,133581,0.034,1.50807556152344,0.071,0.007531011146795,0.000179666269904
2027,0.066,0.027,0.19,0.247,0.471,0.718,0.283,3,2,0.125,0.368,0.321,0.186,134083,0.043,0.865903549194336,0.146,0.007957757508409,9.69548712364729E-05
1232,0.063,0.121,0.078,0.178,0.559,0.737,0.262,3,2,0.089,0.364,0.335,0.212,134159,0.041,0.843469619750977,0.139,0.005493481615099,0.000313061367482
2895,0.008,0.025,0.078,0.118,0.771,0.889,0.111,1,1,0.088,0.282,0.362,0.268,134510,0.038,0.729897613525391,0.138,0.007501301018512,3.71719574752806E-05
1154,0.066,0.072,0.103,0.193,0.566,0.759,0.241,3,2,0.167,0.378,0.261,0.194,134758,0.055,0.936448287963867,0.217,0.022536695409549,0.000460084002434
192,0.042,0.006,0.018,0.069,0.865,0.934,0.066,5,8,0.097,0.235,0.371,0.298,135558,0.036,0.635813140869141,0.191,0.001718821463875,2.9507664615884E-05
3049,0.123,0.136,0.165,0.236,0.34,0.576,0.424,3,2,0.083,0.345,0.316,0.256,135692,0.029,1.02983932495117,0.082,0.00413436311647,4.42177873419214E-05
1905,0.031,0.069,0.06,0.129,0.711,0.84,0.16,4,3,0.137,0.299,0.357,0.207,135976,0.046,0.969174728393555,0.156,0.008258810378302,0.000264752603401
3079,0.031,0.142,0.22,0.298,0.309,0.607,0.393,1,1,0.052,0.303,0.338,0.307,136034,0.029,1.27659439086914,0.051,0.006321948924534,0.000169075378214
2621,0.063,0.058,0.041,0.155,0.682,0.837,0.162,1,1,0.138,0.331,0.323,0.207,136154,0.033,1.17121040344238,0.098,0.013337838036341,0.000139547864918
2583,0.064,0.063,0.095,0.247,0.53,0.777,0.222,3,2,0.114,0.309,0.372,0.205,136212,0.031,0.896867752075195,0.116,0.007378204563475,8.07564678589258E-05
2870,0.05,0.019,0.03,0.115,0.785,0.9,0.099,1,1,0.098,0.296,0.291,0.315,136215,0.029,1.18034286499023,0.066,0.00967588004258,0.000256946738612
2681,0.063,0.063,0.109,0.274,0.491,0.765,0.235,2,2,0.081,0.219,0.379,0.32,137713,0.024,1.10383483886719,0.09,0.011516705031479,0.000152491050228
208,0.017,0.026,0.033,0.149,0.773,0.922,0.076,3,2,0.149,0.18,0.322,0.349,137744,0.028,1.12194274902344,0.074,0.006519340225346,5.80787547914973E-05
2710,0.054,0.059,0.12,0.191,0.575,0.766,0.233,3,2,0.116,0.301,0.337,0.245,138034,0.029,0.85043098449707,0.14,0.012605589927119,0.000137647246331
2308,0.114,0.08,0.133,0.109,0.564,0.673,0.327,3,2,0.154,0.331,0.285,0.231,138293,0.029,0.883073120117187,0.17,0.021244748468831,0.000694178302589
1388,0.083,0.109,0.162,0.259,0.387,0.646,0.354,1,1,0.055,0.291,0.37,0.284,138377,0.033,1.22601943969727,0.052,0.005680134704467,3.61331724202721E-05
1766,0.02,0.026,0.029,0.205,0.72,0.925,0.075,1,1,0.052,0.314,0.285,0.349,140488,0.034,1.16896697998047,0.052,0.009516827059962,0.001388018905529
1133,0.06,0.043,0.144,0.29,0.463,0.753,0.247,2,2,0.144,0.39,0.283,0.183,140789,0.041,1.24935432434082,0.12,0.018190341574981,0.000340935726513
2269,0.066,0.002,0.048,0.173,0.711,0.884,0.116,4,5,0.114,0.466,0.258,0.162,141359,0.054,0.881742935180664,0.117,0.006260655494167,0.000346635162954
2253,0.026,0.008,0.062,0.178,0.725,0.903,0.096,3,2,0.13,0.442,0.225,0.203,141793,0.039,0.970136337280274,0.104,0.01103721622365,0.000380836853723
666,0.078,0.025,0.066,0.235,0.596,0.831,0.169,2,2,0.111,0.299,0.358,0.232,141879,0.049,0.83471076965332,0.136,0.011101008605925,0.000218496042402
1942,0.086,0.065,0.131,0.175,0.542,0.717,0.282,1,1,0.147,0.328,0.337,0.187,142088,0.04,0.907001495361328,0.139,0.014096897697202,0.000351894600529
1872,0.024,0.018,0.036,0.248,0.673,0.921,0.078,2,2,0.096,0.286,0.331,0.286,142820,0.052,1.11019721984863,0.102,0.008332166363254,0.000119030948046
2674,0.02,0.048,0.055,0.206,0.671,0.877,0.123,1,1,0.109,0.288,0.335,0.268,142878,0.029,1.28819244384766,0.082,0.007488906619634,8.39877377902826E-05
93,0.039,0.08,0.07,0.11,0.702,0.812,0.189,3,2,0.104,0.214,0.326,0.356,143476,0.055,0.939929351806641,0.159,0.020658507346176,0.000815467395244
1419,0.077,0.092,0.12,0.24,0.472,0.712,0.289,2,2,0.111,0.315,0.366,0.208,143617,0.06,1.16299423217773,0.151,0.013048594525718,0.000236740775813
1938,0.066,0.078,0.105,0.138,0.613,0.751,0.249,2,2,0.186,0.338,0.318,0.158,143667,0.038,0.873510131835937,0.141,0.014262147883648,0.000250579465013
2493,0.105,0.035,0.099,0.192,0.568,0.76,0.239,1,1,0.088,0.299,0.306,0.306,144657,0.027,1.42880081176758,0.074,0.014109237714041,0.00013825808637
428,0.083,0.037,0.09,0.198,0.591,0.789,0.21,1,1,0.12,0.307,0.301,0.271,146343,0.035,1.01557708740234,0.109,0.015573003150134,0.00033482981762
1791,0.017,0.015,0.096,0.11,0.762,0.872,0.128,2,2,0.103,0.25,0.347,0.3,146748,0.048,1.36710174560547,0.1,0.007373183961621,0.000224875296427
2112,0.043,0.073,0.103,0.309,0.472,0.781,0.219,1,1,0.077,0.295,0.36,0.268,148306,0.029,1.37952499389648,0.081,0.007140641646326,3.37140776502636E-05
740,0.037,0.037,0.094,0.242,0.591,0.833,0.168,3,2,0.078,0.219,0.247,0.456,148431,0.033,0.92182861328125,0.208,0.004567778968005,0.000222325524991
1930,0.01,0.02,0.028,0.142,0.801,0.943,0.058,2,2,0.073,0.148,0.203,0.576,148476,0.033,1.2949397277832,0.134,0.008607451709367,0.000303079285541
418,0.105,0.053,0.183,0.204,0.455,0.659,0.341,1,1,0.112,0.286,0.303,0.298,148509,0.029,1.27896690368652,0.09,0.008841215010538,0.00014140557138
1372,0.021,0.057,0.12,0.319,0.482,0.801,0.198,1,1,0.052,0.226,0.328,0.393,149013,0.027,1.45873413085938,0.042,0.008985793185829,8.72407105420333E-05
1753,0.032,0.006,0.058,0.142,0.762,0.904,0.096,3,2,0.221,0.385,0.247,0.147,149527,0.055,0.631559944152832,0.138,0.021675015214644,0.001049977596019
322,0.09,0.036,0.087,0.178,0.609,0.787,0.213,3,2,0.119,0.383,0.321,0.176,149657,0.048,0.840602722167969,0.152,0.00820542974936,0.000193776435449
1794,0.008,0.016,0.031,0.143,0.803,0.946,0.055,3,2,0.111,0.229,0.251,0.409,150358,0.039,1.18780876159668,0.124,0.003837507814682,1.99523803189721E-05
1277,0.066,0.035,0.054,0.183,0.663,0.846,0.155,3,2,0.088,0.361,0.36,0.191,150500,0.039,1.08096168518066,0.102,0.005860465116279,0.000146179401993
308,0.008,0.008,0.027,0.147,0.81,0.957,0.043,1,1,0.054,0.275,0.259,0.412,150721,0.033,1.14268882751465,0.078,0.006760836247106,0.000437895183816
1202,0.031,0.047,0.085,0.194,0.642,0.836,0.163,2,2,0.131,0.364,0.291,0.214,151049,0.039,0.690007400512695,0.123,0.00640189607346,0.000198611046746
831,0.014,0.044,0.069,0.2,0.673,0.873,0.127,3,2,0.047,0.162,0.261,0.53,151140,0.02,1.08879249572754,0.16,0.012577742490406,9.92457324335054E-05
1744,0.085,0.067,0.075,0.158,0.615,0.773,0.227,4,3,0.063,0.278,0.303,0.356,151391,0.023,0.964732513427734,0.064,0.003025278913542,0.000138713661975
1175,0.038,0.071,0.085,0.189,0.617,0.806,0.194,3,2,0.084,0.336,0.309,0.271,152148,0.032,0.861927108764648,0.124,0.000959591976234,3.28627389121119E-05
2871,0.045,0.035,0.097,0.095,0.728,0.823,0.177,1,1,0.063,0.225,0.314,0.398,152882,0.028,1.42655380249023,0.054,0.008228568438403,4.57869467955678E-05
196,0.075,0.016,0.049,0.094,0.766,0.86,0.14,3,2,0.263,0.255,0.347,0.135,152940,0.079,0.712445449829102,0.16,0.028638681836014,0.000366156662744
391,0.043,0.094,0.176,0.201,0.487,0.688,0.313,3,2,0.143,0.316,0.285,0.257,153159,0.039,0.695173492431641,0.232,0.02028610790094,0.000398278912764
1138,0.076,0.098,0.121,0.229,0.476,0.705,0.295,3,2,0.137,0.339,0.282,0.243,153279,0.053,0.845953674316406,0.239,0.028523150594667,0.000685025345938
1230,0.039,0.037,0.122,0.247,0.555,0.802,0.198,3,2,0.104,0.289,0.33,0.277,153401,0.04,0.851097106933594,0.159,0.008754832106701,0.00042372605133
277,0.075,0.105,0.098,0.222,0.499,0.721,0.278,3,2,0.099,0.273,0.354,0.274,154210,0.034,0.781399154663086,0.112,0.001686012580248,1.94539913105505E-05
2243,0.023,0.04,0.082,0.248,0.607,0.855,0.145,3,2,0.126,0.427,0.237,0.21,155027,0.038,0.988086013793945,0.081,0.008230824308024,0.000296722506402
1450,0.031,0.103,0.127,0.179,0.561,0.74,0.261,2,2,0.105,0.263,0.34,0.292,155271,0.039,1.46498870849609,0.111,0.013595584494207,0.000180329874864
1847,0.04,0.007,0.051,0.06,0.841,0.901,0.098,2,2,0.097,0.293,0.296,0.314,155299,0.038,0.901746292114258,0.121,0.00664524562296,0.000238250085319
2538,0.007,0.044,0.063,0.146,0.74,0.886,0.114,1,1,0.076,0.26,0.312,0.353,156209,0.03,1.37368057250977,0.067,0.013808423330282,0.000390502467848
416,0.061,0.064,0.095,0.234,0.547,0.781,0.22,2,2,0.074,0.249,0.326,0.351,156714,0.03,1.4251008605957,0.056,0.011792181936521,0.000121239965798
200,0.019,0.059,0.048,0.124,0.751,0.875,0.126,3,2,0.281,0.25,0.324,0.145,157327,0.069,0.759795074462891,0.176,0.012941198904193,0.000190685642007
2038,0.1,0.095,0.135,0.142,0.527,0.669,0.33,1,1,0.076,0.336,0.315,0.272,157574,0.037,1.22277870178223,0.081,0.007793163846828,0.000139616941881
456,0.032,0.079,0.136,0.172,0.581,0.753,0.247,3,2,0.091,0.272,0.364,0.273,157863,0.033,1.05958030700684,0.11,0.011060223104844,0.000310395722874
728,0.057,0.094,0.1,0.192,0.557,0.749,0.251,1,1,0.08,0.31,0.292,0.318,158167,0.027,1.29175415039063,0.06,0.010526848204746,0.000796626350629
1357,0.023,0.101,0.057,0.333,0.485,0.818,0.181,3,2,0.056,0.198,0.306,0.44,158293,0.026,1.0818741607666,0.067,0.01015837718661,0.000145300171202
2480,0.096,0.091,0.143,0.187,0.483,0.67,0.33,2,2,0.134,0.347,0.29,0.228,158348,0.037,0.915356750488281,0.151,0.004786925000632,5.05216358905701E-05
1257,0.11,0.08,0.133,0.166,0.511,0.677,0.323,3,2,0.094,0.33,0.363,0.214,158510,0.038,0.940845413208008,0.137,0.015147309318024,0.000346981263012
1842,0.018,0.018,0.073,0.14,0.751,0.891,0.109,2,2,0.084,0.291,0.324,0.301,158714,0.038,0.981259918212891,0.115,0.004624670791487,0.000245725014807
1293,0.051,0.069,0.046,0.194,0.64,0.834,0.166,1,1,0.095,0.344,0.378,0.183,159128,0.049,1.0115251159668,0.104,0.004870293097381,0.000333065205369
2881,0.032,0.02,0.065,0.17,0.712,0.882,0.117,1,1,0.075,0.12,0.184,0.621,159428,0.021,1.3415412902832,0.086,0.017631783626465,0.000370073011014
1880,0.035,0.07,0.13,0.214,0.551,0.765,0.235,2,2,0.148,0.306,0.327,0.219,159551,0.036,0.935526580810547,0.133,0.011801868994867,0.00015042212208
343,0.054,0.065,0.082,0.193,0.607,0.8,0.201,3,2,0.113,0.297,0.306,0.283,159923,0.038,1.0333625793457,0.115,0.014194331021804,0.000300144444514
1213,0.011,0.006,0.017,0.109,0.857,0.966,0.034,2,2,0.056,0.236,0.243,0.465,160830,0.027,0.865134201049805,0.111,0.007038487844308,0.000789653671579
355,0.027,0.018,0.066,0.169,0.719,0.888,0.111,2,2,0.095,0.252,0.324,0.33,161000,0.031,1.19608772277832,0.089,0.022521739130435,0.000465838509317
1375,0.082,0.142,0.187,0.174,0.415,0.589,0.411,3,2,0.08,0.279,0.363,0.278,161075,0.032,0.891585845947266,0.112,0.017426664597237,0.000124165761291
1637,0.129,0.177,0.167,0.262,0.265,0.527,0.473,3,2,0.063,0.303,0.324,0.31,161300,0.032,1.07313789367676,0.113,0.00649721016739,0.00016119032858
2229,0.017,0.013,0.076,0.101,0.792,0.893,0.106,3,2,0.057,0.3,0.196,0.447,162385,0.033,0.961878509521484,0.159,0.002180004310743,6.15820426763556E-05
305,0.003,0.007,0.055,0.128,0.807,0.935,0.065,1,1,0.058,0.261,0.266,0.415,162436,0.032,1.03549163818359,0.07,0.008477184860499,0.001175847718486
2082,0.028,0.078,0.126,0.213,0.555,0.768,0.232,2,2,0.079,0.363,0.272,0.287,162466,0.042,0.978451232910156,0.119,0.004357834870065,0.000369308039836
2305,0.071,0.071,0.123,0.16,0.576,0.736,0.265,2,2,0.099,0.277,0.345,0.279,162809,0.025,1.20743438720703,0.093,0.016854105117039,0.000239544496926
1189,0.035,0.034,0.107,0.157,0.667,0.824,0.176,1,1,0.069,0.314,0.328,0.289,163257,0.036,1.18311714172363,0.064,0.01137470368805,0.000557403357896
3066,0.023,0.139,0.096,0.277,0.464,0.741,0.258,3,2,0.094,0.364,0.324,0.218,163354,0.037,0.960219421386719,0.123,0.00913353820537,0.00015916353441
2775,0.031,0.07,0.065,0.115,0.718,0.833,0.166,3,2,0.059,0.192,0.242,0.507,163774,0.018,1.20839584350586,0.105,0.004377984295432,0.00023813303699
2219,0.015,0.023,0.1,0.137,0.725,0.862,0.138,1,1,0.069,0.382,0.312,0.237,163929,0.045,0.950642166137695,0.117,0.007436146136437,0.000542917970585
2284,0.016,0.003,0.05,0.123,0.807,0.93,0.069,1,1,0.084,0.284,0.31,0.321,164292,0.032,1.05465805053711,0.081,0.008649234290166,0.000620845811117
40,0.053,0.064,0.138,0.183,0.562,0.745,0.255,3,2,0.095,0.241,0.323,0.341,164542,0.027,1.04614555358887,0.155,0.015783204288267,0.000261331453368
981,0.025,0.056,0.076,0.178,0.665,0.843,0.157,1,1,0.209,0.326,0.291,0.174,165429,0.043,0.762429885864258,0.206,0.027727907440654,0.000574264488089
570,0.146,0.105,0.17,0.22,0.359,0.579,0.421,3,2,0.075,0.271,0.404,0.249,165697,0.036,1.03179351806641,0.1,0.009499266733858,7.84564596824324E-05
2560,0.085,0.047,0.076,0.204,0.588,0.792,0.208,3,2,0.239,0.301,0.304,0.156,166223,0.026,1.0237336730957,0.121,0.019774640091925,0.000294784716916
2586,0.027,0.022,0.032,0.125,0.794,0.919,0.081,1,1,0.114,0.309,0.302,0.275,166847,0.029,1.23041969299316,0.074,0.009571643481753,0.00025772114572
1040,0.052,0.056,0.146,0.245,0.5,0.745,0.254,1,1,0.103,0.287,0.306,0.304,166998,0.036,1.31452850341797,0.112,0.007766560078564,0.000227547635301
543,0.034,0.016,0.025,0.122,0.803,0.925,0.075,3,2,0.08,0.318,0.336,0.266,167417,0.026,0.924057159423828,0.107,0.00101542854071,3.58386543779903E-05
1891,0.058,0.085,0.169,0.134,0.554,0.688,0.312,2,2,0.166,0.33,0.319,0.185,167609,0.037,0.939638977050781,0.152,0.00975484610015,0.000101426534375
289,0.018,0.044,0.074,0.28,0.584,0.864,0.136,3,2,0.106,0.287,0.388,0.22,168424,0.041,0.6624169921875,0.178,0.003627749014392,0.000201871467249
1187,0.014,0.008,0.062,0.17,0.746,0.916,0.084,1,1,0.078,0.299,0.267,0.356,168447,0.029,1.17503807067871,0.051,0.00872084394498,0.000688643905798
490,0.097,0.068,0.108,0.233,0.494,0.727,0.273,1,1,0.099,0.331,0.328,0.241,168667,0.029,1.23615821838379,0.068,0.008306307695044,0.000112647998719
2044,0.041,0.082,0.095,0.264,0.519,0.783,0.218,2,2,0.066,0.244,0.3,0.39,168937,0.037,1.18746589660645,0.099,0.00365224906326,6.51130303012366E-05
1863,0.04,0.073,0.126,0.175,0.586,0.761,0.239,3,2,0.145,0.276,0.34,0.24,169509,0.038,1.01001953125,0.146,0.012913768590458,0.000241875062681
3042,0.077,0.083,0.097,0.155,0.589,0.744,0.257,1,1,0.098,0.31,0.334,0.257,169561,0.04,1.03557350158691,0.098,0.014466770070948,0.000312571876788
2260,0.019,0.047,0.052,0.061,0.822,0.883,0.118,3,2,0.106,0.354,0.295,0.244,170271,0.054,0.993018646240234,0.122,0.009320436245749,0.000722377856476
719,0.054,0.052,0.113,0.257,0.523,0.78,0.219,1,1,0.066,0.272,0.298,0.363,170311,0.027,1.48961242675781,0.049,0.01030467791276,0.000710464972903
751,0.05,0.1,0.108,0.231,0.512,0.743,0.258,1,1,0.069,0.345,0.304,0.282,170389,0.037,1.28545394897461,0.081,0.006772737676728,0.000240625861998
2289,0.1,0.086,0.116,0.193,0.505,0.698,0.302,2,2,0.127,0.322,0.287,0.264,170872,0.029,1.00823280334473,0.125,0.009000889554754,0.00015216068168
642,0.085,0.062,0.091,0.201,0.561,0.762,0.238,3,2,0.041,0.251,0.26,0.448,171517,0.038,1.00026008605957,0.143,0.003218339873016,8.74548878536821E-05
3083,0.074,0.194,0.126,0.156,0.45,0.606,0.394,3,2,0.072,0.336,0.319,0.273,171907,0.03,0.929351654052734,0.097,0.006055599830141,9.88906792626246E-05
861,0.075,0.027,0.126,0.277,0.494,0.771,0.228,2,2,0.071,0.299,0.312,0.319,172943,0.033,1.06337471008301,0.118,0.009112829082414,6.93870234701607E-05
1280,0.084,0.045,0.1,0.16,0.611,0.771,0.229,3,2,0.092,0.345,0.373,0.191,173566,0.043,0.852289886474609,0.135,0.006464399709621,0.000334166829909
316,0.065,0.109,0.076,0.202,0.548,0.75,0.25,3,2,0.097,0.314,0.361,0.228,174705,0.039,0.98611442565918,0.121,0.020720643370253,0.000120202627286
2618,0.024,0.079,0.056,0.199,0.642,0.841,0.159,1,1,0.152,0.338,0.327,0.183,175817,0.032,1.03894195556641,0.11,0.008764795213205,0.000136505571134
2655,0.083,0.044,0.066,0.219,0.588,0.807,0.193,3,2,0.162,0.259,0.306,0.274,176832,0.021,1.33987564086914,0.099,0.012322430329352,0.000186617806732
2060,0.056,0.102,0.176,0.127,0.539,0.666,0.334,1,1,0.088,0.348,0.303,0.262,176862,0.037,1.1297526550293,0.093,0.006185613642275,0.00023181915844
966,0.009,0.078,0.095,0.184,0.633,0.817,0.182,3,2,0.08,0.313,0.299,0.308,176875,0.033,0.958454208374023,0.098,0.007903886925795,0.0001074204947
2769,0.034,0.056,0.123,0.269,0.518,0.787,0.213,3,2,0.075,0.233,0.415,0.277,177556,0.03,0.850511856079102,0.095,0.012964923742369,0.000112640519048
1856,0.014,0.023,0.045,0.1,0.818,0.918,0.082,3,2,0.095,0.298,0.286,0.322,177573,0.038,0.889669342041016,0.12,0.011409392193633,0.000275942851672
2977,0.145,0.039,0.064,0.147,0.605,0.752,0.248,3,2,0.119,0.375,0.257,0.249,178124,0.046,0.993320846557617,0.163,0.004536165817071,0.000112281332106
657,0.039,0.036,0.096,0.251,0.577,0.828,0.171,2,2,0.096,0.27,0.331,0.304,179179,0.051,0.833916091918945,0.148,0.007143694294532,0.000189754379699
2903,0.01,0.038,0.035,0.145,0.772,0.917,0.083,1,1,0.099,0.286,0.36,0.255,179225,0.035,0.693360900878906,0.151,0.008865950620728,8.92732598688799E-05
2067,0.068,0.077,0.125,0.227,0.503,0.73,0.27,1,1,0.051,0.316,0.3,0.333,179746,0.034,1.33789855957031,0.055,0.004567556440755,0.000183592402613
225,0.095,0.056,0.071,0.232,0.547,0.779,0.222,3,2,0.092,0.248,0.438,0.222,180080,0.047,0.76425895690918,0.133,0.002049089293647,4.99777876499334E-05
304,0.017,0.051,0.021,0.098,0.812,0.91,0.089,4,3,0.074,0.297,0.278,0.351,180333,0.035,1.02654586791992,0.071,0.00885583892022,0.000765250952405
1481,0.073,0.075,0.113,0.224,0.515,0.739,0.261,3,2,0.058,0.212,0.27,0.46,180463,0.024,1.01139869689941,0.172,0.00684350808753,2.21652083806653E-05
1936,0.034,0.065,0.085,0.204,0.612,0.816,0.184,3,2,0.106,0.236,0.34,0.318,180742,0.042,0.922858428955078,0.192,0.009621449358754,6.08602317115004E-05
310,0.026,0.006,0.106,0.051,0.811,0.862,0.138,3,2,0.129,0.332,0.304,0.236,180786,0.042,0.835901489257812,0.127,0.012075050059186,0.000591859989158
193,0.001,0.005,0.03,0.128,0.836,0.964,0.036,3,2,0.31,0.245,0.3,0.145,181215,0.183,0.598112487792969,0.22,0.051921750406975,0.001208509229368
769,0.07,0.039,0.115,0.234,0.542,0.776,0.224,2,2,0.103,0.325,0.31,0.263,181451,0.031,0.895621109008789,0.144,0.009269720199944,6.61335567177916E-05
1911,0.08,0.051,0.106,0.219,0.544,0.763,0.237,1,1,0.11,0.281,0.334,0.275,181806,0.036,1.19028366088867,0.082,0.009185615436234,9.35062649197496E-05
1971,0.09,0.113,0.142,0.233,0.423,0.656,0.345,3,2,0.055,0.197,0.354,0.394,181923,0.02,0.949185485839844,0.114,0.016034256251271,0.000417759161843
370,0.047,0.068,0.166,0.265,0.453,0.718,0.281,2,2,0.084,0.272,0.363,0.281,184313,0.03,1.11725059509277,0.098,0.018441455567432,0.000130213278499
2562,0.027,0.017,0.044,0.19,0.722,0.912,0.088,1,1,0.143,0.283,0.343,0.231,184826,0.031,1.22323715209961,0.087,0.013374741648902,0.000183956802614
1406,0.055,0.078,0.088,0.236,0.543,0.779,0.221,1,1,0.103,0.297,0.359,0.241,184945,0.044,1.46860305786133,0.094,0.017383546459758,0.000145989348185
1706,0.094,0.069,0.144,0.26,0.433,0.693,0.307,2,2,0.048,0.211,0.341,0.401,187196,0.029,1.32747665405273,0.059,0.01072672493002,4.80779503835552E-05
2225,0.035,0.062,0.062,0.194,0.647,0.841,0.159,1,1,0.054,0.332,0.26,0.354,187853,0.039,1.14373962402344,0.078,0.003193986787541,7.9849669688533E-05
3057,0.085,0.124,0.135,0.302,0.353,0.655,0.344,3,2,0.063,0.323,0.325,0.289,187885,0.03,1.04389419555664,0.071,0.005732229821433,6.91912606115443E-05
321,0.051,0.049,0.101,0.158,0.64,0.798,0.201,3,2,0.097,0.338,0.333,0.232,188910,0.037,0.924963684082031,0.114,0.010502355619078,0.000471123815574
1804,0.044,0.028,0.051,0.066,0.812,0.878,0.123,2,2,0.095,0.311,0.311,0.283,190488,0.047,0.724326019287109,0.178,0.005501658897148,0.000398975263534
1292,0.031,0.073,0.082,0.197,0.616,0.813,0.186,3,2,0.105,0.336,0.348,0.211,190539,0.048,0.814337539672852,0.186,0.009656815665034,0.000677026750429
2481,0.104,0.069,0.14,0.196,0.49,0.686,0.313,1,1,0.101,0.311,0.319,0.269,191283,0.027,1.23808586120605,0.086,0.01639455675622,0.000360722071486
1266,0.042,0.021,0.052,0.198,0.687,0.885,0.115,1,1,0.046,0.259,0.347,0.348,191995,0.033,1.47553848266602,0.044,0.004229276804083,0.000151045600146
2294,0.038,0.027,0.055,0.147,0.733,0.88,0.12,3,2,0.071,0.229,0.296,0.403,192122,0.026,1.31103622436523,0.102,0.018618377905706,0.000249841246708
189,0.028,0.042,0.072,0.183,0.675,0.858,0.142,1,1,0.069,0.212,0.382,0.337,192843,0.035,1.07185752868652,0.087,0.003303205198011,5.18556545998558E-06
2381,0.087,0.187,0.106,0.251,0.369,0.62,0.38,3,2,0.078,0.272,0.331,0.319,193134,0.029,1.04548614501953,0.087,0.021689604109064,0.000326198390755
339,0.09,0.04,0.091,0.19,0.589,0.779,0.221,1,1,0.126,0.364,0.335,0.175,193920,0.042,0.856532287597656,0.124,0.008802599009901,0.000170173267327
669,0.017,0.03,0.155,0.233,0.564,0.797,0.202,3,2,0.076,0.279,0.303,0.342,194672,0.04,0.892446365356445,0.122,0.005064929727953,0.00017465274924
766,0.093,0.083,0.102,0.204,0.518,0.722,0.278,3,2,0.083,0.25,0.29,0.377,195732,0.029,0.88911262512207,0.161,0.005558620971533,6.13083195389614E-05
486,0.063,0.073,0.083,0.225,0.555,0.78,0.219,2,2,0.127,0.273,0.339,0.262,195769,0.045,0.759241333007812,0.184,0.021755231931511,0.000418861004551
3064,0.061,0.067,0.167,0.193,0.512,0.705,0.295,3,2,0.1,0.316,0.337,0.247,196311,0.041,0.96126335144043,0.124,0.018231275883674,0.000387140812283
2189,0.01,0.061,0.014,0.25,0.666,0.916,0.085,3,2,0.065,0.223,0.37,0.342,197692,0.039,1.07355690002441,0.092,0.002680938024806,4.04669890536795E-05
1929,0.039,0.039,0.159,0.254,0.509,0.763,0.237,3,2,0.088,0.292,0.407,0.214,197938,0.046,0.882501602172852,0.125,0.004632763794724,5.05208701714678E-05
2093,0.054,0.059,0.121,0.23,0.535,0.765,0.234,2,2,0.109,0.449,0.257,0.185,197974,0.061,0.817082290649414,0.154,0.007112045016012,0.000515219170194
1371,0.095,0.052,0.098,0.297,0.457,0.754,0.245,2,2,0.058,0.28,0.375,0.287,199070,0.04,0.808114929199219,0.128,0.002054553674587,9.04204551162908E-05
540,0.01,0.032,0.037,0.122,0.799,0.921,0.079,5,8,0.076,0.304,0.325,0.295,201513,0.034,0.775419769287109,0.131,0.000570682784733,0
501,0.068,0.059,0.114,0.18,0.578,0.758,0.241,2,2,0.166,0.307,0.313,0.213,202518,0.045,0.723325271606445,0.217,0.01771694367908,0.000409840112978
2291,0.069,0.065,0.138,0.26,0.468,0.728,0.272,2,2,0.155,0.313,0.318,0.214,202558,0.027,0.966926879882812,0.129,0.010164989780705,0.000227095449205
1111,0.102,0.139,0.077,0.212,0.471,0.683,0.318,3,2,0.135,0.338,0.308,0.219,203436,0.041,1.03799797058105,0.189,0.030859828152343,0.000594781651232
2921,0.084,0.011,0.064,0.08,0.761,0.841,0.159,2,2,0.099,0.243,0.359,0.3,204390,0.052,0.925934906005859,0.106,0.017882479573365,0.000547972014286
449,0.061,0.069,0.128,0.198,0.545,0.743,0.258,3,2,0.216,0.275,0.269,0.24,204441,0.028,1.07664245605469,0.135,0.0268145822022,0.000386419553808
707,0.03,0.097,0.094,0.252,0.528,0.78,0.221,3,2,0.188,0.352,0.268,0.192,206341,0.031,0.968151779174805,0.096,0.022564589684067,0.00038770772653
2028,0.082,0.069,0.074,0.192,0.584,0.776,0.225,1,1,0.098,0.33,0.292,0.28,206428,0.037,1.1706867980957,0.082,0.003977173639235,4.8443040672777E-05
2278,0.052,0.02,0.045,0.149,0.735,0.884,0.117,1,1,0.071,0.382,0.251,0.295,206865,0.045,1.03314163208008,0.099,0.00361105068523,5.31747758199792E-05
1181,0.076,0.036,0.061,0.173,0.655,0.828,0.173,2,2,0.07,0.306,0.311,0.314,207641,0.027,1.13564193725586,0.079,0.0031304029551,5.77920545556995E-05
1413,0.093,0.071,0.142,0.237,0.457,0.694,0.306,2,2,0.129,0.294,0.354,0.223,208080,0.052,1.08036491394043,0.175,0.009933679354095,0.000153787004998
2461,0.083,0.063,0.203,0.228,0.423,0.651,0.349,2,2,0.075,0.291,0.362,0.272,208993,0.038,1.02781593322754,0.12,0.008024192197825,5.2633341786567E-05
2036,0.018,0.081,0.084,0.177,0.64,0.817,0.183,1,1,0.033,0.188,0.235,0.544,209177,0.031,1.87810028076172,0.048,0.005641155576378,8.60515257413578E-05
1832,0.001,0.028,0.037,0.204,0.73,0.934,0.066,1,1,0.088,0.342,0.332,0.238,209281,0.05,0.782517547607422,0.124,0.006899814125506,0.00032492199483
1913,0.032,0.022,0.113,0.151,0.682,0.833,0.167,1,1,0.137,0.293,0.351,0.218,209339,0.036,1.0949153137207,0.125,0.014330822254812,0.000210185393071
62,0.041,0.036,0.144,0.247,0.532,0.779,0.221,3,2,0.116,0.299,0.283,0.303,209355,0.027,1.01035331726074,0.162,0.018757612667479,0.000300924267393
2250,0.007,0.006,0.039,0.106,0.843,0.949,0.052,2,2,0.091,0.368,0.264,0.277,209674,0.049,0.845559844970703,0.142,0.009052147619638,0.001011093411677
595,0,0.067,0.08,0.192,0.661,0.853,0.147,3,2,0.049,0.217,0.29,0.444,209689,0.038,0.772770614624023,0.199,0.007215447639123,9.06103801343895E-05
359,0.091,0.083,0.147,0.21,0.469,0.679,0.321,3,2,0.082,0.247,0.365,0.306,210738,0.027,1.07300918579102,0.106,0.013519156488151,0.000142356860177
99,0.051,0.096,0.104,0.164,0.585,0.749,0.251,3,2,0.147,0.348,0.376,0.129,212181,0.057,0.801457443237305,0.16,0.014143584958125,0.00072108247204
1206,0.019,0.007,0.026,0.109,0.839,0.948,0.052,3,2,0.045,0.243,0.284,0.428,212990,0.039,0.964830780029297,0.065,0.00823982346589,0.000732428752524
105,0.008,0.013,0.046,0.129,0.804,0.933,0.067,3,2,0.279,0.259,0.314,0.148,213787,0.164,0.758121490478516,0.204,0.051845996248603,0.001216163751772
1875,0.04,0.022,0.092,0.27,0.576,0.846,0.154,1,1,0.1,0.252,0.337,0.312,216453,0.036,1.25585487365723,0.079,0.010972358895465,0.00020789732644
58,0.022,0.075,0.118,0.24,0.545,0.785,0.215,1,1,0.078,0.203,0.297,0.421,217702,0.022,1.50279113769531,0.062,0.01428098960965,0.000146989922003
1775,0.011,0.044,0.036,0.097,0.812,0.909,0.091,3,2,0.206,0.226,0.293,0.275,218195,0.057,0.838469085693359,0.238,0.010032310547904,0.000105410298128
184,0.015,0.043,0.111,0.204,0.626,0.83,0.169,3,2,0.107,0.227,0.4,0.265,219186,0.051,0.726085815429687,0.161,0.004293157409689,3.19363462994899E-05
323,0.055,0.067,0.15,0.209,0.52,0.729,0.272,1,1,0.089,0.316,0.355,0.241,219252,0.03,1.28004318237305,0.083,0.013012424059986,0.00021892616715
237,0.007,0.005,0.04,0.156,0.791,0.947,0.052,1,1,0.136,0.185,0.263,0.416,220500,0.041,0.882222747802734,0.169,0.007002267573696,0.000190476190476
2195,0.044,0.077,0.075,0.138,0.665,0.803,0.196,3,2,0.104,0.263,0.36,0.274,220944,0.044,0.84186393737793,0.136,0.00167463248606,4.52603374610761E-06
1,0.083,0.059,0.098,0.323,0.436,0.759,0.24,3,2,0.097,0.276,0.313,0.313,223234,0.027,1.1564582824707,0.101,0.014074916903339,9.85512959495417E-05
1898,0.038,0.079,0.054,0.197,0.632,0.829,0.171,1,1,0.153,0.308,0.333,0.206,224529,0.039,0.985258255004883,0.116,0.01333458038828,0.000164789403596
1521,0.042,0.117,0.178,0.216,0.447,0.663,0.337,1,1,0.112,0.318,0.369,0.202,225081,0.031,1.19876251220703,0.084,0.006295511393676,0.000111071125506
50,0.056,0.095,0.123,0.212,0.513,0.725,0.274,2,2,0.144,0.255,0.28,0.321,226486,0.031,1.01815689086914,0.158,0.02732619234743,0.000635800888355
836,0.039,0.081,0.115,0.201,0.563,0.764,0.235,2,2,0.053,0.271,0.346,0.33,226706,0.029,1.04814987182617,0.111,0.009104302488686,0.000383756936296
2295,0.05,0.074,0.107,0.171,0.597,0.768,0.231,2,2,0.112,0.297,0.353,0.238,227907,0.025,1.21877220153809,0.107,0.016752447270159,0.00025448976995
1833,0.016,0.025,0.033,0.153,0.774,0.927,0.074,2,2,0.114,0.329,0.31,0.247,228671,0.043,0.784530410766602,0.146,0.009100410633618,0.000481040446755
2065,0.046,0.099,0.099,0.231,0.525,0.756,0.244,2,2,0.091,0.38,0.288,0.241,228683,0.057,0.817968139648437,0.184,0.010420538474657,0.001106334970243
2513,0.012,0.038,0.067,0.347,0.537,0.884,0.117,3,2,0.133,0.196,0.262,0.408,229211,0.027,0.850524673461914,0.2,0.017054155341585,0.000196325656273
2955,0.042,0.028,0.061,0.122,0.747,0.869,0.131,3,2,0.077,0.233,0.351,0.339,229247,0.05,0.872664413452148,0.127,0.004013138667027,0.000209381147845
556,0.113,0.095,0.17,0.24,0.381,0.621,0.378,2,2,0.154,0.32,0.343,0.183,229849,0.032,0.964491195678711,0.101,0.020787560528869,0.000160975248968
1846,0.02,0.012,0.062,0.156,0.751,0.907,0.094,2,2,0.059,0.245,0.282,0.414,229863,0.034,1.23644462585449,0.06,0.003158403048773,2.17520871127585E-05
2058,0.067,0.039,0.104,0.246,0.544,0.79,0.21,1,1,0.08,0.319,0.322,0.279,230149,0.037,1.10793128967285,0.083,0.004449291545912,0.00014773038336
2597,0,0.007,0.022,0.115,0.855,0.97,0.029,1,1,0.105,0.223,0.297,0.374,230191,0.028,1.13812377929688,0.112,0.018667106880808,0.000139014991898
2910,0.06,0.031,0.092,0.275,0.541,0.816,0.183,1,1,0.15,0.223,0.242,0.385,230436,0.033,0.666252593994141,0.192,0.012741064764186,0.000169244388898
1414,0.019,0.096,0.115,0.183,0.588,0.771,0.23,2,2,0.13,0.248,0.331,0.291,231840,0.052,0.974851913452148,0.201,0.022325741890959,0.000457211870255
2702,0.108,0.091,0.104,0.168,0.529,0.697,0.303,3,2,0.148,0.242,0.352,0.258,232751,0.033,0.929642105102539,0.129,0.009924769388746,7.73358653668513E-05
312,0.005,0.001,0.035,0.103,0.856,0.959,0.041,2,2,0.123,0.328,0.284,0.265,234225,0.038,0.921689300537109,0.121,0.024036716832106,0.000815455224677
1927,0.019,0.032,0.032,0.25,0.667,0.917,0.083,2,2,0.071,0.216,0.321,0.393,234473,0.036,0.997630157470703,0.13,0.009903059200846,8.10327841585172E-05
455,0.103,0.048,0.091,0.181,0.578,0.759,0.242,1,1,0.096,0.311,0.31,0.283,234561,0.035,1.17719131469727,0.081,0.012593738942109,0.000174794616326
2098,0.062,0.044,0.085,0.162,0.647,0.809,0.191,1,1,0.065,0.259,0.253,0.423,234602,0.035,1.56113723754883,0.045,0.006730547906667,0.00014918883897
104,0.031,0.073,0.081,0.176,0.639,0.815,0.185,3,2,0.097,0.257,0.394,0.252,235099,0.044,0.874490127563477,0.12,0.007562771428207,0.000255211634248
2792,0.01,0.018,0.035,0.187,0.75,0.937,0.063,1,1,0.059,0.081,0.114,0.746,236842,0.019,1.55596237182617,0.076,0.012269783231015,0.000574222477432
2492,0.019,0.073,0.091,0.212,0.604,0.816,0.183,1,1,0.044,0.135,0.23,0.59,238412,0.024,2.13458343505859,0.043,0.013392782242505,9.22772343673976E-05
177,0.034,0.028,0.101,0.186,0.651,0.837,0.163,2,2,0.15,0.263,0.258,0.328,239187,0.024,1.06401466369629,0.151,0.02488429555118,0.000192318144381
1952,0.06,0.045,0.067,0.213,0.615,0.828,0.172,1,1,0.102,0.25,0.3,0.348,239859,0.035,1.50097579956055,0.073,0.011515098453675,0.000170933756916
1110,0.058,0.079,0.158,0.209,0.497,0.706,0.295,2,2,0.134,0.334,0.296,0.235,240204,0.054,0.892482604980469,0.241,0.025578258480292,0.001153186458177
2904,0.004,0.03,0.087,0.215,0.664,0.879,0.121,1,1,0.123,0.256,0.341,0.28,242742,0.035,0.685710906982422,0.19,0.013120926745269,0.000107109606084
438,0.035,0.048,0.083,0.193,0.641,0.834,0.166,1,1,0.072,0.166,0.245,0.517,244252,0.027,1.8294108581543,0.045,0.007770663085666,7.77885135024483E-05
1129,0.062,0.083,0.105,0.217,0.533,0.75,0.25,2,2,0.125,0.302,0.252,0.321,244390,0.043,1.17502151489258,0.166,0.025185154875404,0.000343712917877
2885,0.018,0.025,0.095,0.182,0.68,0.862,0.138,1,1,0.078,0.25,0.347,0.325,244835,0.029,1.01163841247559,0.083,0.010055751832867,0.000118447117446
1495,0.033,0.037,0.076,0.199,0.655,0.854,0.146,1,1,0.068,0.288,0.316,0.327,249948,0.029,1.23233116149902,0.091,0.00358474562709,8.80183078080241E-05
2957,0.012,0.035,0.069,0.143,0.74,0.883,0.116,3,2,0.269,0.282,0.289,0.16,250873,0.07,0.707654342651367,0.167,0.041917623658186,0.000864979491615
2615,0.036,0.075,0.11,0.171,0.608,0.779,0.221,2,2,0.16,0.326,0.319,0.196,251565,0.058,0.861485824584961,0.169,0.021827360721881,0.000266332756942
2236,0.031,0.032,0.183,0.192,0.562,0.754,0.246,2,2,0.077,0.329,0.236,0.358,253370,0.034,1.18617919921875,0.072,0.00481114575522,0.000276275802187
1193,0.008,0.009,0.037,0.168,0.778,0.946,0.054,1,1,0.072,0.266,0.304,0.358,255441,0.033,1.05595306396484,0.067,0.0069800854209,0.000262291488054
2645,0.022,0.049,0.046,0.161,0.721,0.882,0.117,2,2,0.157,0.276,0.331,0.237,256623,0.033,0.797545471191406,0.18,0.01716525798545,0.000179251275217
408,0.049,0.054,0.1,0.213,0.584,0.797,0.203,1,1,0.086,0.228,0.316,0.37,258773,0.027,1.43075057983398,0.065,0.010785514717532,0.000216405884694
201,0.011,0,0.046,0.141,0.802,0.943,0.057,1,1,0.068,0.109,0.235,0.588,258826,0.023,1.3934944152832,0.069,0.019542086189177,0.000270451963868
1191,0.028,0.036,0.062,0.113,0.762,0.875,0.126,1,1,0.076,0.243,0.275,0.406,259547,0.032,1.18820693969727,0.057,0.011543188709559,0.000466196873784
667,0.032,0.027,0.037,0.138,0.767,0.905,0.096,1,1,0.092,0.286,0.349,0.273,259686,0.045,0.834046096801758,0.133,0.014871806720424,0.000600725491555
2771,0.066,0.089,0.072,0.287,0.486,0.773,0.227,2,2,0.097,0.294,0.371,0.238,260213,0.03,0.94888053894043,0.069,0.009849623193307,9.60751384442745E-05
1153,0.031,0.073,0.074,0.211,0.611,0.822,0.178,1,1,0.098,0.263,0.304,0.335,260419,0.042,1.39950698852539,0.115,0.01774448100945,0.000771833084376
1873,0.009,0.023,0.044,0.23,0.693,0.923,0.076,2,2,0.09,0.234,0.284,0.392,261191,0.03,0.96619499206543,0.122,0.006344016447734,0.000214402487069
1384,0.044,0.088,0.103,0.262,0.503,0.765,0.235,1,1,0.04,0.211,0.316,0.432,262440,0.028,1.3532585144043,0.046,0.007056851089773,0.000163846974547
645,0.035,0.045,0.083,0.189,0.648,0.837,0.163,1,1,0.079,0.307,0.356,0.258,262966,0.039,0.962130813598633,0.109,0.008126525862659,0.000273799654708
1748,0.019,0.041,0.03,0.176,0.734,0.91,0.09,2,2,0.131,0.321,0.274,0.274,263670,0.051,0.730632019042969,0.113,0.012879736033679,0.000955740129708
3017,0.069,0.053,0.184,0.208,0.486,0.694,0.306,2,2,0.08,0.302,0.321,0.296,264542,0.031,1.02052139282227,0.099,0.014976827876103,0.000192786022635
368,0.047,0.071,0.097,0.223,0.561,0.784,0.215,1,1,0.054,0.214,0.294,0.437,264672,0.026,1.53449447631836,0.064,0.012332245194052,0.000105791319067
1258,0.02,0.059,0.062,0.167,0.693,0.86,0.141,2,2,0.064,0.22,0.335,0.381,265066,0.033,0.953244171142578,0.133,0.005813646412592,0.000305584269578
307,0.025,0.021,0.066,0.142,0.747,0.889,0.112,2,2,0.081,0.298,0.288,0.333,265206,0.036,0.953193130493164,0.078,0.005286456565839,0.000388377336863
314,0.001,0.024,0.053,0.17,0.751,0.921,0.078,2,2,0.076,0.217,0.281,0.425,269043,0.029,0.842596054077148,0.184,0.013343591916534,7.80544373947659E-05
2240,0.016,0.025,0.057,0.136,0.766,0.902,0.098,2,2,0.087,0.39,0.246,0.277,269728,0.046,0.818264923095703,0.166,0.003536896428995,5.93190176770673E-05
2936,0.024,0.003,0.051,0.136,0.786,0.922,0.078,2,2,0.056,0.226,0.396,0.322,271473,0.046,1.00755012512207,0.075,0.0023354072044,1.84180378895875E-05
758,0.031,0.04,0.102,0.228,0.598,0.826,0.173,2,2,0.116,0.307,0.286,0.292,271826,0.036,0.935158004760742,0.153,0.011338135424867,0.000309021212099
224,0.008,0,0.086,0.109,0.797,0.906,0.094,2,2,0.136,0.158,0.306,0.4,273213,0.047,1.06648597717285,0.106,0.004216490430543,1.46405917727195E-05
2729,0.033,0,0.064,0.136,0.767,0.903,0.097,2,2,0.327,0.264,0.225,0.184,276652,0.037,0.820935592651367,0.209,0.022989170510244,0.000462675129766
204,0.026,0.036,0.089,0.146,0.703,0.849,0.151,2,2,0.306,0.258,0.296,0.14,277680,0.081,0.742735290527344,0.17,0.015431431864016,0.000180063382311
2237,0.032,0.023,0.258,0.147,0.539,0.686,0.313,2,2,0.103,0.336,0.256,0.305,278299,0.04,0.957576217651367,0.113,0.009518539412646,0.00055695492977
109,0.081,0.034,0.083,0.16,0.643,0.803,0.198,2,2,0.119,0.291,0.265,0.324,279141,0.026,1.44379852294922,0.089,0.016102973049463,0.000139714337915
2333,0.057,0.074,0.062,0.204,0.602,0.806,0.193,1,1,0.104,0.259,0.317,0.32,280979,0.028,1.21483322143555,0.086,0.011153858473409,9.96515753846373E-05
686,0.031,0.03,0.089,0.193,0.657,0.85,0.15,2,2,0.123,0.32,0.331,0.226,282572,0.057,0.859822006225586,0.161,0.012963067819883,0.000431748368557
220,0.025,0.024,0.037,0.169,0.745,0.914,0.086,2,2,0.091,0.198,0.364,0.346,283111,0.029,0.952451400756836,0.116,0.006297883162435,5.2982752348019E-05
2117,0.046,0.101,0.079,0.25,0.524,0.774,0.226,1,1,0.08,0.256,0.339,0.325,284014,0.028,1.18842178344727,0.117,0.009337567866373,0.00017252670643
69,0.042,0.05,0.049,0.196,0.663,0.859,0.141,2,2,0.062,0.238,0.347,0.353,288000,0.051,1.06876678466797,0.095,0.0065625,4.16666666666667E-05
405,0.035,0.04,0.144,0.158,0.624,0.782,0.219,2,2,0.104,0.243,0.321,0.332,289430,0.033,0.922066192626953,0.148,0.016967833327575,0.000231489479321
2952,0.022,0.051,0.109,0.132,0.685,0.817,0.182,2,2,0.06,0.213,0.37,0.357,290536,0.048,0.990034790039062,0.091,0.002323292122147,3.09772282952887E-05
1755,0.047,0.01,0.052,0.145,0.746,0.891,0.109,1,1,0.071,0.33,0.28,0.319,291636,0.037,1.02576179504395,0.075,0.010585112949019,0.000716646778861
1289,0.042,0.057,0.12,0.251,0.531,0.782,0.219,2,2,0.074,0.286,0.306,0.335,291830,0.028,1.17312927246094,0.078,0.005958948703012,0.000185039235171
411,0.038,0.054,0.125,0.159,0.624,0.783,0.217,1,1,0.153,0.329,0.323,0.195,292256,0.042,0.818999176025391,0.16,0.015287966714114,0.000342165772473
1252,0.062,0.03,0.076,0.237,0.595,0.832,0.168,2,2,0.073,0.217,0.325,0.385,292406,0.035,0.91905517578125,0.173,0.005037516330034,0.000102597073931
1510,0.099,0.082,0.128,0.272,0.418,0.69,0.309,2,2,0.084,0.282,0.333,0.302,293086,0.027,0.789769058227539,0.144,0.004264959772899,3.75316460015149E-05
349,0.051,0.022,0.071,0.156,0.7,0.856,0.144,2,2,0.064,0.191,0.288,0.457,293582,0.031,0.930453720092773,0.208,0.014622831099999,4.76868472862778E-05
1814,0.007,0.009,0.031,0.099,0.854,0.953,0.047,1,1,0.095,0.262,0.291,0.352,294218,0.036,1.17388046264648,0.086,0.015308376781842,0.000550612131141
1168,0.05,0.053,0.046,0.182,0.669,0.851,0.149,2,2,0.05,0.223,0.261,0.467,295003,0.024,1.27930778503418,0.078,0.006938912485636,0.000230506130446
2319,0.044,0.038,0.129,0.214,0.576,0.79,0.211,2,2,0.104,0.287,0.308,0.301,298750,0.023,1.10111778259277,0.119,0.015330543933054,0.000338075313808
1586,0.039,0.017,0.08,0.137,0.726,0.863,0.136,1,1,0.131,0.236,0.282,0.35,300576,0.039,0.807128524780273,0.204,0.01523408389226,0.000562253806026
2263,0.015,0.012,0.034,0.118,0.822,0.94,0.061,2,2,0.094,0.348,0.266,0.292,305285,0.045,1.16271369934082,0.079,0.012588237220958,0.000949932030725
1801,0.006,0.012,0.052,0.142,0.788,0.93,0.07,2,2,0.073,0.241,0.273,0.413,305506,0.036,0.963491516113281,0.117,0.008232244211243,0.000556453883066
641,0.03,0.012,0.066,0.176,0.716,0.892,0.108,1,1,0.072,0.262,0.33,0.337,307774,0.033,1.2913801574707,0.054,0.009532968996731,0.00037040165836
1745,0.018,0.057,0.074,0.212,0.639,0.851,0.149,1,1,0.052,0.251,0.29,0.407,309769,0.027,1.16348274230957,0.051,0.005258757332076,0.000306680139071
2062,0.089,0.097,0.099,0.207,0.508,0.715,0.285,1,1,0.103,0.315,0.341,0.24,309833,0.043,1.00846618652344,0.139,0.005151162077635,0.000245293432268
2642,0.031,0.072,0.056,0.232,0.61,0.842,0.159,2,2,0.142,0.263,0.305,0.291,310569,0.028,0.85461555480957,0.179,0.017883304515261,0.000251151917931
2255,0.016,0.024,0.045,0.136,0.779,0.915,0.085,2,2,0.107,0.389,0.273,0.232,317417,0.057,0.842155838012695,0.152,0.010320808274289,0.000576528667337
329,0.019,0.052,0.095,0.31,0.524,0.834,0.166,2,2,0.092,0.273,0.371,0.264,318316,0.032,0.89229362487793,0.155,0.024843237537541,0.000304728634439
1686,0.093,0.061,0.112,0.264,0.47,0.734,0.266,2,2,0.065,0.219,0.328,0.388,319090,0.028,0.969868850708008,0.107,0.009633645679902,4.70086809364129E-05
2329,0.06,0.091,0.126,0.227,0.496,0.723,0.277,2,2,0.147,0.294,0.32,0.238,319785,0.026,0.986302337646484,0.129,0.011570273777694,0.000256422283722
1894,0.017,0.014,0.033,0.104,0.832,0.936,0.064,2,2,0.116,0.173,0.236,0.475,321488,0.034,1.14206802368164,0.14,0.018181082964216,0.00024262180859
1015,0.031,0.051,0.066,0.202,0.65,0.852,0.148,2,2,0.091,0.2,0.279,0.429,323152,0.033,1.12869338989258,0.154,0.010072659305838,0.000142347873447
300,0.046,0.038,0.135,0.231,0.55,0.781,0.219,2,2,0.119,0.275,0.338,0.267,324492,0.025,1.01369575500488,0.084,0.010863133759846,0.000434525350394
1194,0.024,0.015,0.067,0.17,0.723,0.893,0.106,1,1,0.045,0.14,0.202,0.614,325690,0.027,1.40031616210938,0.05,0.010979766035187,0.000325462863459
1844,0.011,0.018,0.054,0.195,0.722,0.917,0.083,1,1,0.121,0.225,0.248,0.406,325789,0.036,1.38581024169922,0.125,0.04260426226791,0.001442651532127
245,0.008,0.015,0.032,0.195,0.75,0.945,0.055,2,2,0.049,0.123,0.22,0.608,326196,0.024,1.14573822021484,0.107,0.005840047088254,0.000229923113711
369,0.077,0.022,0.08,0.173,0.648,0.821,0.179,2,2,0.139,0.337,0.321,0.203,328297,0.039,0.967802963256836,0.105,0.015552990127842,0.000380752793964
1765,0.016,0.027,0.046,0.12,0.791,0.911,0.089,1,1,0.053,0.2,0.202,0.545,328934,0.03,1.31399063110352,0.054,0.015988009752716,0.001687268570595
2828,0.04,0.037,0.071,0.191,0.662,0.853,0.148,1,1,0.085,0.217,0.268,0.429,330818,0.028,0.901975936889648,0.087,0.010885139260863,0.000550151442787
2473,0.081,0.073,0.121,0.215,0.51,0.725,0.275,1,1,0.088,0.283,0.31,0.32,332285,0.026,1.24206466674805,0.1,0.018053779135381,0.000153482703101
1888,0.028,0.047,0.1,0.175,0.649,0.824,0.175,2,2,0.093,0.255,0.402,0.25,335509,0.051,0.811999053955078,0.18,0.008029590860454,0.000149027298821
716,0.07,0.051,0.049,0.234,0.596,0.83,0.17,1,1,0.036,0.153,0.233,0.578,338011,0.025,1.86941360473633,0.042,0.007322246909124,0.00033135016316
2576,0.033,0.037,0.105,0.207,0.617,0.824,0.175,1,1,0.118,0.255,0.327,0.3,342139,0.04,1.14318283081055,0.113,0.025793610199364,0.000283510503041
2204,0.029,0.013,0.053,0.196,0.71,0.906,0.095,2,2,0.147,0.277,0.348,0.228,347818,0.039,0.95673210144043,0.122,0.007515424733625,0.000192629478635
2280,0.017,0.07,0.069,0.172,0.673,0.845,0.156,1,1,0.06,0.375,0.28,0.285,348899,0.045,0.936206741333008,0.105,0.004075678061559,0.000131843312821
257,0.013,0.041,0.081,0.192,0.673,0.865,0.135,1,1,0.02,0.122,0.279,0.579,351154,0.024,1.60428771972656,0.027,0.004624751533515,0.000168017451033
2806,0.026,0.03,0.08,0.216,0.649,0.865,0.136,1,1,0.079,0.234,0.288,0.399,352802,0.027,1.06760734558105,0.066,0.0112471017738,0.00021258382889
2313,0.086,0.052,0.081,0.19,0.591,0.781,0.219,2,2,0.102,0.328,0.335,0.236,354081,0.036,0.951880798339844,0.127,0.022734910938458,0.000364323417523
2748,0.035,0.055,0.077,0.314,0.518,0.832,0.167,2,2,0.045,0.209,0.371,0.375,355481,0.024,1.15725517272949,0.055,0.008307054385466,3.65701683071669E-05
273,0.013,0.037,0.06,0.231,0.659,0.89,0.11,2,2,0.042,0.192,0.302,0.463,356899,0.024,0.977018051147461,0.103,0.003855432489304,9.80669601203702E-05
1304,0.054,0.078,0.132,0.245,0.492,0.737,0.264,1,1,0.061,0.279,0.363,0.297,356921,0.031,1.11853103637695,0.062,0.009181303425688,0.00031379492941
2668,0.024,0.034,0.028,0.079,0.835,0.914,0.086,2,2,0.176,0.289,0.32,0.215,362294,0.041,0.875632400512695,0.165,0.034441641318929,0.000502354441421
2507,0.01,0.035,0.078,0.205,0.672,0.877,0.123,2,2,0.094,0.259,0.401,0.245,362924,0.038,0.856145782470703,0.138,0.009632870793885,8.54173325544742E-05
354,0.046,0.087,0.121,0.203,0.543,0.746,0.254,2,2,0.127,0.375,0.305,0.194,365579,0.038,0.829065170288086,0.149,0.013865676091898,0.000166858599646
347,0.047,0.062,0.074,0.185,0.632,0.817,0.183,1,1,0.107,0.329,0.337,0.227,367118,0.032,0.974019393920898,0.109,0.012562718254076,0.000138919911309
1758,0.017,0.014,0.05,0.162,0.757,0.919,0.081,2,2,0.12,0.245,0.216,0.42,367430,0.032,0.926433181762695,0.119,0.021957923958305,0.001673788204556
1300,0.019,0.022,0.046,0.18,0.733,0.913,0.087,2,2,0.048,0.149,0.251,0.552,367601,0.029,1.28906951904297,0.13,0.007872666287633,0.000331881578124
2431,0.116,0.116,0.129,0.229,0.411,0.64,0.361,2,2,0.108,0.275,0.305,0.312,367804,0.032,1.03131301879883,0.127,0.015086839729856,0.000130504290329
2254,0.014,0.004,0.053,0.103,0.826,0.929,0.071,2,2,0.114,0.329,0.262,0.294,369318,0.045,1.03121894836426,0.115,0.013072744897351,0.000907077369638
2091,0.065,0.11,0.102,0.198,0.525,0.723,0.277,2,2,0.087,0.378,0.308,0.228,370606,0.045,0.947516326904297,0.13,0.00448184864789,0.000356173402481
44,0.062,0.05,0.123,0.177,0.589,0.766,0.235,2,2,0.089,0.208,0.286,0.417,372909,0.025,1.32524002075195,0.115,0.013169432757053,8.0448581289269E-05
2512,0.021,0.042,0.075,0.17,0.691,0.861,0.138,1,1,0.123,0.253,0.327,0.297,374264,0.042,1.30697647094727,0.086,0.017458264754291,0.00019237757305
362,0.025,0.022,0.058,0.176,0.72,0.896,0.105,1,1,0.132,0.319,0.343,0.205,375751,0.033,0.882969055175781,0.134,0.023017902813299,0.000210245614782
689,0.07,0.14,0.099,0.228,0.464,0.692,0.309,2,2,0.107,0.287,0.324,0.282,379299,0.031,0.986479721069336,0.105,0.009446373441533,0.000440285895824
2200,0.031,0.036,0.077,0.137,0.719,0.856,0.144,2,2,0.086,0.235,0.383,0.296,382067,0.041,0.854484329223633,0.139,0.00133746175409,7.85202595356312E-06
1896,0.02,0.022,0.068,0.183,0.706,0.889,0.11,2,2,0.112,0.256,0.293,0.338,382295,0.037,0.924478988647461,0.152,0.012772858656273,0.000125557488327
2024,0.047,0.072,0.106,0.244,0.531,0.775,0.225,1,1,0.097,0.328,0.278,0.298,383134,0.038,1.16876190185547,0.117,0.006921860236888,0.000153993119901
324,0.04,0.023,0.067,0.212,0.658,0.87,0.13,2,2,0.136,0.254,0.248,0.362,384902,0.031,1.29083755493164,0.094,0.025102493621753,0.000322159926423
1836,0.023,0.008,0.042,0.18,0.746,0.926,0.073,1,1,0.103,0.297,0.303,0.298,384940,0.038,1.1547794342041,0.123,0.028843456123032,0.001049514210007
1137,0.019,0.034,0.087,0.206,0.654,0.86,0.14,1,1,0.138,0.229,0.264,0.368,390144,0.049,0.882288513183594,0.235,0.026285166502625,0.001435367454068
165,0.028,0.027,0.126,0.175,0.644,0.819,0.181,2,2,0.096,0.262,0.302,0.341,391911,0.034,1.07474502563477,0.146,0.012255333481326,0.000196473178859
211,0.012,0.023,0.072,0.201,0.693,0.894,0.107,1,1,0.054,0.182,0.378,0.386,398329,0.031,1.21467742919922,0.066,0.004800052218141,3.76573134268406E-05
1563,0.041,0.05,0.091,0.286,0.532,0.818,0.182,1,1,0.053,0.251,0.318,0.378,402022,0.025,1.55531158447266,0.046,0.008929859559925,0.000241280327942
353,0.074,0.037,0.062,0.201,0.626,0.827,0.173,2,2,0.108,0.304,0.295,0.293,403253,0.031,1.08366836547852,0.113,0.021462952538481,0.000458769060615
3080,0.071,0.165,0.145,0.258,0.361,0.619,0.381,1,1,0.039,0.231,0.292,0.438,404198,0.029,1.41904418945313,0.047,0.008852097239472,0.000133597890143
1244,0.032,0.043,0.104,0.288,0.533,0.821,0.179,2,2,0.096,0.319,0.376,0.209,405813,0.049,0.849333038330078,0.166,0.008592627638839,0.000724471616237
2297,0.036,0.059,0.062,0.186,0.657,0.843,0.157,2,2,0.085,0.227,0.26,0.428,411406,0.023,1.25940383911133,0.117,0.027882432439002,0.000401063669465
48,0.077,0.07,0.102,0.244,0.506,0.75,0.249,2,2,0.138,0.335,0.298,0.229,413210,0.037,0.955979232788086,0.177,0.020623895839888,0.000469494929939
2838,0.014,0.012,0.038,0.173,0.763,0.936,0.064,1,1,0.065,0.124,0.203,0.608,413538,0.023,1.98514465332031,0.031,0.012124641508157,0.000270833635603
2327,0.03,0.016,0.099,0.235,0.62,0.855,0.145,2,2,0.089,0.224,0.309,0.377,415759,0.028,0.938697662353516,0.162,0.018919614488201,0.000319896863327
1743,0.03,0.069,0.066,0.164,0.67,0.834,0.165,2,2,0.082,0.263,0.282,0.373,417025,0.026,1.05461303710938,0.075,0.009004256339548,0.000666626701037
2183,0.016,0.024,0.071,0.168,0.721,0.889,0.111,1,1,0.067,0.213,0.352,0.368,418187,0.034,1.2028825378418,0.072,0.003292785285052,8.84771645220918E-05
2221,0.036,0.012,0.06,0.174,0.719,0.893,0.108,2,2,0.135,0.372,0.247,0.245,421164,0.043,1.0624536895752,0.102,0.012270754385465,0.000866645772193
2523,0.035,0.061,0.034,0.056,0.813,0.869,0.13,2,2,0.328,0.26,0.24,0.173,423163,0.055,0.638514137268066,0.255,0.025926179746339,0.000817651826837
2063,0.078,0.056,0.111,0.189,0.566,0.755,0.245,2,2,0.108,0.297,0.332,0.263,428348,0.047,0.850436096191406,0.18,0.011117129063285,0.000737717930281
1321,0.072,0.076,0.129,0.236,0.488,0.724,0.277,1,1,0.051,0.206,0.324,0.418,429021,0.029,1.19517234802246,0.063,0.008997228573893,0.000237750599621
1127,0.044,0.031,0.066,0.174,0.685,0.859,0.141,1,1,0.146,0.312,0.281,0.261,432493,0.042,1.09393829345703,0.146,0.032728853414969,0.001186146365375
371,0.017,0.031,0.073,0.175,0.704,0.879,0.121,2,2,0.072,0.291,0.291,0.347,433742,0.031,1.11926078796387,0.078,0.013076898248267,0.000278967681248
207,0.023,0.006,0.066,0.141,0.763,0.904,0.095,2,2,0.287,0.204,0.264,0.245,434061,0.062,0.951332321166992,0.126,0.010821059712805,6.9114709683662E-05
1118,0.052,0.031,0.09,0.183,0.642,0.825,0.173,2,2,0.097,0.273,0.283,0.347,440059,0.044,1.10164749145508,0.177,0.024292197182651,0.000740809755056
1750,0.023,0.02,0.043,0.134,0.779,0.913,0.086,1,1,0.064,0.283,0.278,0.375,445349,0.033,1.03097244262695,0.057,0.013140256293379,0.001055352094649
222,0.015,0.02,0.075,0.153,0.737,0.89,0.11,2,2,0.19,0.179,0.292,0.338,446499,0.037,0.92672492980957,0.12,0.014277747542548,0.0001343788004
228,0.043,0.046,0.035,0.148,0.728,0.876,0.124,2,2,0.12,0.233,0.385,0.262,447643,0.037,1.06566528320313,0.09,0.008077865620595,8.26551515381677E-05
2282,0.018,0.024,0.091,0.174,0.693,0.867,0.133,2,2,0.106,0.402,0.25,0.242,449058,0.038,1.08897644042969,0.092,0.005090656440816,0.000193738893417
2915,0.017,0.041,0.062,0.202,0.678,0.88,0.12,1,1,0.068,0.214,0.366,0.352,449974,0.027,1.02641525268555,0.073,0.009284980910008,0.000102228128736
1834,0.019,0.008,0.054,0.163,0.756,0.919,0.081,2,2,0.093,0.253,0.3,0.355,460528,0.039,0.855062637329102,0.138,0.007550029531321,0.000410398499114
102,0.033,0.055,0.096,0.148,0.667,0.815,0.184,1,1,0.146,0.297,0.368,0.19,462789,0.049,1.00064491271973,0.121,0.017617099801421,0.000302513672538
234,0.025,0.039,0.115,0.136,0.685,0.821,0.179,2,2,0.302,0.26,0.295,0.143,466195,0.096,0.705967178344727,0.189,0.02027906777207,0.000381814476775
1212,0.013,0.017,0.055,0.13,0.786,0.916,0.085,2,2,0.147,0.295,0.287,0.272,466372,0.041,0.699159851074219,0.138,0.01593792080142,0.001494515108111
2445,0.036,0.032,0.144,0.209,0.579,0.788,0.212,2,2,0.09,0.258,0.285,0.367,470313,0.029,1.07616821289063,0.134,0.00858364535958,7.44185255351224E-05
2858,0.047,0.027,0.055,0.11,0.761,0.871,0.129,1,1,0.115,0.207,0.277,0.401,470335,0.025,1.38886642456055,0.061,0.018907799759746,0.000365696790585
1735,0.024,0.025,0.06,0.215,0.676,0.891,0.109,2,2,0.117,0.239,0.339,0.305,471519,0.032,1.13379592895508,0.107,0.011225422517438,0.00024177180559
372,0.037,0.039,0.066,0.141,0.717,0.858,0.142,1,1,0.057,0.217,0.343,0.382,471826,0.029,1.18169532775879,0.093,0.013916147054211,0.000178031732037
1843,0.033,0.015,0.046,0.178,0.728,0.906,0.094,1,1,0.115,0.309,0.246,0.33,476143,0.039,1.20247650146484,0.091,0.03096548725908,0.001877587195443
544,0.118,0.078,0.084,0.194,0.526,0.72,0.28,2,2,0.049,0.23,0.344,0.378,481587,0.025,1.18847610473633,0.094,0.01662004995982,0.00012874101668
732,0.043,0.057,0.088,0.219,0.592,0.811,0.188,1,1,0.119,0.35,0.31,0.221,485493,0.049,0.994151000976562,0.145,0.014494544720521,0.000587032150824
2924,0.02,0.021,0.048,0.17,0.741,0.911,0.089,1,1,0.077,0.239,0.386,0.298,488241,0.047,1.02202758789063,0.092,0.003645740525683,9.01194287247486E-05
856,0.044,0.089,0.136,0.259,0.473,0.732,0.269,2,2,0.085,0.248,0.306,0.361,490161,0.028,1.089375,0.101,0.019603762845269,0.000412109490555
1761,0.023,0.018,0.049,0.191,0.72,0.911,0.09,1,1,0.057,0.202,0.206,0.536,491845,0.028,1.356025390625,0.053,0.014831908426435,0.001685490347569
229,0.022,0.012,0.022,0.149,0.795,0.944,0.056,2,2,0.12,0.188,0.344,0.349,494336,0.027,1.08282455444336,0.072,0.006180007120663,7.48478767477991E-05
1763,0.029,0.015,0.063,0.138,0.756,0.894,0.107,1,1,0.166,0.341,0.212,0.281,501826,0.043,0.886380081176758,0.133,0.035103800919044,0.002474961440818
1751,0.028,0.005,0.027,0.137,0.802,0.939,0.06,1,1,0.116,0.301,0.266,0.318,506471,0.04,0.852913055419922,0.107,0.016563633455815,0.001131357965214
964,0.06,0.055,0.126,0.26,0.499,0.759,0.241,2,2,0.107,0.262,0.322,0.309,516042,0.035,0.967530822753906,0.126,0.008131121110297,7.55752438754985E-05
239,0.032,0.027,0.071,0.185,0.685,0.87,0.13,1,1,0.17,0.284,0.31,0.236,517421,0.029,0.977134780883789,0.093,0.011630761024388,0.000330485233495
1217,0.014,0.017,0.045,0.112,0.812,0.924,0.076,1,1,0.071,0.279,0.283,0.367,521202,0.03,1.05698951721191,0.074,0.017473071860814,0.001364154396952
2950,0.033,0.057,0.08,0.151,0.679,0.83,0.17,2,2,0.063,0.236,0.397,0.304,522798,0.052,0.762335739135742,0.129,0.007293447947391,0.000120505434221
2310,0.049,0.079,0.153,0.206,0.513,0.719,0.281,2,2,0.122,0.247,0.289,0.342,523542,0.024,1.14263664245605,0.107,0.019366163555169,0.000357182422805
2230,0.006,0.022,0.038,0.113,0.82,0.933,0.066,1,1,0.067,0.214,0.2,0.518,524989,0.032,1.61111022949219,0.059,0.009304956865763,0.000664775833398
2072,0.041,0.065,0.065,0.222,0.607,0.829,0.171,2,2,0.099,0.281,0.346,0.274,531687,0.042,0.931861572265625,0.153,0.007466799075396,0.000141060435933
630,0.013,0.026,0.048,0.165,0.748,0.913,0.087,1,1,0.159,0.225,0.284,0.331,532403,0.044,1.21815582275391,0.082,0.017313952025064,0.000559726372691
1903,0.04,0.055,0.117,0.199,0.588,0.787,0.212,2,2,0.109,0.238,0.301,0.353,537174,0.041,0.972677230834961,0.16,0.009618857204556,0.000273654346636
2092,0.048,0.056,0.125,0.207,0.565,0.772,0.229,2,2,0.084,0.306,0.289,0.321,541013,0.043,0.983800048828125,0.142,0.005937010755749,0.000401099419053
2251,0.037,0.013,0.054,0.172,0.724,0.896,0.104,2,2,0.151,0.358,0.221,0.269,545724,0.034,1.06398231506348,0.105,0.010243273156394,0.000745798242335
3025,0.017,0.02,0.092,0.23,0.641,0.871,0.129,2,2,0.044,0.179,0.27,0.507,546695,0.024,1.21270858764648,0.094,0.007521561382489,6.76794190545002E-05
1364,0.044,0.046,0.086,0.259,0.564,0.823,0.176,1,1,0.099,0.209,0.273,0.419,550321,0.03,0.921144790649414,0.124,0.01228919121749,0.000472451532833
230,0.032,0.028,0.062,0.173,0.705,0.878,0.122,2,2,0.217,0.286,0.328,0.169,550660,0.06,0.780386199951172,0.13,0.016454799694912,0.000199760287655
377,0.035,0.066,0.089,0.192,0.618,0.81,0.19,2,2,0.1,0.322,0.342,0.236,553284,0.034,0.904658966064453,0.131,0.012577627402925,0.00020423507638
364,0.027,0.029,0.055,0.179,0.709,0.888,0.111,1,1,0.11,0.331,0.325,0.234,553947,0.035,0.941670303344726,0.113,0.011542620503406,0.000173301777968
1767,0.012,0.011,0.059,0.202,0.716,0.918,0.082,1,1,0.138,0.287,0.224,0.351,556341,0.037,0.932005233764648,0.091,0.03004632051206,0.002421176940042
311,0.027,0.013,0.041,0.133,0.786,0.919,0.081,1,1,0.085,0.306,0.25,0.359,558753,0.037,1.08142379760742,0.104,0.012246914110528,0.00051364377462
1208,0.016,0.02,0.056,0.161,0.747,0.908,0.092,1,1,0.151,0.299,0.27,0.28,565217,0.037,0.815134201049805,0.113,0.016078780362233,0.001102231532314
2238,0.01,0.01,0.044,0.123,0.814,0.937,0.064,1,1,0.072,0.305,0.24,0.383,566747,0.04,1.21003860473633,0.099,0.015474276881924,0.001288052693706
1662,0.091,0.069,0.095,0.263,0.482,0.745,0.255,2,2,0.1,0.213,0.298,0.389,571327,0.033,1.06279029846191,0.102,0.018122721313714,0.000234541689785
1183,0.018,0.022,0.067,0.154,0.739,0.893,0.107,1,1,0.079,0.238,0.274,0.409,579234,0.031,1.1647200012207,0.058,0.011850133106827,0.000374632704572
269,0.028,0.031,0.075,0.194,0.673,0.867,0.134,1,1,0.056,0.206,0.297,0.441,582881,0.025,1.16331192016602,0.072,0.006716636843541,0.000389444843802
2735,0.016,0.033,0.065,0.177,0.708,0.885,0.114,1,1,0.068,0.204,0.317,0.411,590551,0.028,1.44683349609375,0.054,0.009677402967737,0.000133773374357
1205,0.024,0.032,0.063,0.148,0.733,0.881,0.119,1,1,0.151,0.299,0.238,0.312,593490,0.051,0.574534873962402,0.204,0.019242110229322,0.00068914387774
2214,0.006,0.009,0.059,0.169,0.756,0.925,0.074,1,1,0.084,0.175,0.304,0.437,601592,0.031,1.27944145202637,0.082,0.004626058857166,3.82318913815343E-05
318,0.068,0.073,0.096,0.157,0.607,0.764,0.237,2,2,0.08,0.286,0.341,0.293,601942,0.032,0.972701797485352,0.094,0.009171980024654,0.00019104830698
924,0.029,0.019,0.075,0.224,0.654,0.878,0.123,1,1,0.041,0.144,0.262,0.553,602401,0.028,1.4817985534668,0.053,0.008323359356973,0.000162682332865
1762,0.012,0.056,0.055,0.104,0.772,0.876,0.123,1,1,0.082,0.339,0.287,0.292,607186,0.037,0.881577377319336,0.09,0.017304417427279,0.00167164592069
2660,0.031,0.073,0.061,0.145,0.69,0.835,0.165,1,1,0.126,0.223,0.304,0.347,607391,0.034,1.38706207275391,0.089,0.010201007258916,0.000118539787386
1760,0.01,0.022,0.041,0.164,0.764,0.928,0.073,1,1,0.068,0.24,0.242,0.449,618795,0.032,1.19575454711914,0.062,0.016472337365363,0.001386565825516
2224,0.014,0.018,0.032,0.131,0.805,0.936,0.064,1,1,0.061,0.288,0.246,0.405,628270,0.038,1.47485626220703,0.057,0.011076448023939,0.000919986629952
2767,0.068,0.035,0.195,0.244,0.458,0.702,0.298,2,2,0.058,0.163,0.378,0.401,636235,0.024,1.05019485473633,0.097,0.01227219502228,5.50111201049927E-05
2286,0.022,0.014,0.05,0.159,0.754,0.913,0.086,1,1,0.152,0.309,0.259,0.281,638931,0.039,0.883238830566406,0.14,0.022770846930263,0.001264612297729
2175,0.074,0.061,0.141,0.243,0.482,0.725,0.276,2,2,0.108,0.255,0.325,0.312,651552,0.032,1.0591584777832,0.143,0.01379168508423,0.000155014488483
241,0.013,0.026,0.065,0.193,0.703,0.896,0.104,1,1,0.076,0.207,0.295,0.422,656590,0.027,1.06821952819824,0.072,0.01055757778827,0.000552856424862
1260,0.019,0.061,0.063,0.215,0.641,0.856,0.143,2,2,0.097,0.244,0.307,0.352,656955,0.029,1.11824195861816,0.112,0.010824181260513,0.000234414838155
36,0.049,0.037,0.107,0.179,0.628,0.807,0.193,1,1,0.103,0.268,0.306,0.324,658573,0.029,1.04550811767578,0.162,0.01773531559903,0.00034468464392
1756,0.022,0.019,0.077,0.211,0.67,0.881,0.118,1,1,0.158,0.257,0.176,0.409,672391,0.033,0.906185150146484,0.137,0.029247863222441,0.00223233208059
1769,0.036,0.014,0.057,0.135,0.758,0.893,0.107,2,2,0.112,0.232,0.316,0.339,679121,0.044,1.07933334350586,0.155,0.007067959906997,0.000181116472617
684,0.041,0.024,0.062,0.134,0.739,0.873,0.127,1,1,0.091,0.267,0.302,0.34,690743,0.038,1.3039501953125,0.065,0.012308485210853,0.000490775874674
2417,0.02,0.037,0.086,0.181,0.677,0.858,0.143,1,1,0.114,0.227,0.256,0.403,694144,0.025,1.13915107727051,0.126,0.030843744237507,0.000285243407708
634,0.02,0.018,0.046,0.146,0.769,0.915,0.084,1,1,0.094,0.211,0.244,0.45,696535,0.041,1.33846725463867,0.072,0.017159223872454,0.000631698335331
1519,0.027,0.066,0.088,0.21,0.609,0.819,0.181,1,1,0.097,0.284,0.31,0.309,703011,0.037,1.00927230834961,0.137,0.004830649876033,8.39247181054066E-05
313,0.012,0.013,0.069,0.164,0.743,0.907,0.094,1,1,0.094,0.172,0.159,0.576,705749,0.055,1,0.141,0.017293683731752,0.000828906594271
1216,0.02,0.015,0.035,0.125,0.805,0.93,0.07,1,1,0.061,0.195,0.214,0.53,706775,0.025,1.24680282592773,0.058,0.014580311980475,0.001395069152135
260,0.031,0.089,0.081,0.196,0.603,0.799,0.201,2,2,0.063,0.202,0.356,0.379,720403,0.033,0.942558135986328,0.088,0.006432510691932,0.000190171334656
366,0.05,0.063,0.085,0.172,0.63,0.802,0.198,2,2,0.152,0.354,0.294,0.2,724777,0.037,0.875316696166992,0.14,0.017570921814572,0.000371148642962
255,0.02,0.018,0.062,0.194,0.707,0.901,0.1,1,1,0.129,0.17,0.222,0.479,727211,0.027,0.978626251220703,0.121,0.01332900629941,0.000567923202482
1828,0.018,0.012,0.056,0.129,0.785,0.914,0.086,1,1,0.097,0.24,0.287,0.377,741770,0.042,0.862864074707031,0.127,0.006394165307306,0.000358601722906
424,0.036,0.028,0.075,0.156,0.704,0.86,0.139,1,1,0.11,0.208,0.248,0.434,759297,0.034,1.02673126220703,0.129,0.016262411151368,0.000296326733808
413,0.039,0.049,0.116,0.225,0.572,0.797,0.204,1,1,0.082,0.187,0.266,0.465,760141,0.03,1.28526229858398,0.083,0.015044577256062,0.000392032530807
219,0.054,0.019,0.081,0.165,0.68,0.845,0.154,2,2,0.211,0.282,0.322,0.184,762148,0.059,0.851224136352539,0.136,0.015168969806389,0.000220429627841
221,0.016,0.013,0.058,0.126,0.786,0.912,0.087,1,1,0.108,0.15,0.242,0.499,766573,0.02,1.68153381347656,0.061,0.007232187932526,0.000155236357138
1037,0.036,0.048,0.083,0.23,0.602,0.832,0.167,1,1,0.1,0.268,0.304,0.327,766757,0.04,1.12953536987305,0.142,0.009181526872269,0.000323440151182
348,0.052,0.05,0.073,0.176,0.648,0.824,0.175,2,2,0.12,0.308,0.294,0.278,770577,0.031,1.05348152160645,0.112,0.020179683535844,0.000389318653425
1210,0.023,0.01,0.047,0.131,0.788,0.919,0.08,1,1,0.107,0.252,0.247,0.394,789034,0.03,0.971446914672852,0.088,0.021931881262405,0.001498034305239
2158,0.096,0.064,0.097,0.225,0.518,0.743,0.257,1,1,0.128,0.253,0.301,0.318,797434,0.031,1.0335188293457,0.149,0.011554561255226,0.000122894183092
1754,0.035,0.014,0.085,0.183,0.682,0.865,0.134,1,1,0.143,0.281,0.228,0.348,798975,0.045,0.752127380371094,0.138,0.024716668231171,0.002630870803217
1218,0.02,0.007,0.049,0.136,0.788,0.924,0.076,1,1,0.145,0.224,0.183,0.448,803907,0.026,0.884982528686523,0.167,0.02646947967862,0.00131482870531
2571,0.024,0.03,0.057,0.115,0.774,0.889,0.111,1,1,0.098,0.177,0.263,0.461,811688,0.035,1.5826774597168,0.066,0.008859315401977,0.000178640068598
2206,0.013,0.016,0.054,0.178,0.738,0.916,0.083,1,1,0.087,0.173,0.295,0.445,812855,0.033,1.08235382080078,0.12,0.005416710237373,0.000115641781129
2046,0.069,0.056,0.102,0.224,0.549,0.773,0.227,1,1,0.09,0.264,0.275,0.371,817473,0.038,1.0263525390625,0.146,0.011068255465318,0.000300927370078
2949,0.017,0.014,0.056,0.191,0.721,0.912,0.087,1,1,0.078,0.238,0.366,0.319,822083,0.03,1.13276306152344,0.07,0.006983479770291,0.000243284437216
1759,0.02,0.016,0.054,0.146,0.765,0.911,0.09,1,1,0.102,0.257,0.214,0.427,825062,0.031,1.08141189575195,0.085,0.02170261144011,0.001701690297214
1184,0.013,0.024,0.043,0.142,0.777,0.919,0.08,1,1,0.089,0.262,0.263,0.386,827370,0.037,0.888370819091797,0.089,0.014526753447672,0.000663548352007
1219,0.02,0.027,0.043,0.142,0.768,0.91,0.09,2,2,0.096,0.281,0.263,0.359,830622,0.031,0.907759628295898,0.094,0.016103594655571,0.00119308181098
2261,0.016,0.019,0.044,0.16,0.761,0.921,0.079,1,1,0.058,0.238,0.217,0.487,830915,0.035,1.45520446777344,0.06,0.011809872249267,0.001022968655037
2563,0.007,0.007,0.033,0.075,0.877,0.952,0.047,2,2,0.225,0.239,0.309,0.228,839238,0.038,0.759306106567383,0.188,0.017170337854101,0.000320528860705
236,0.024,0.011,0.033,0.156,0.777,0.933,0.068,2,2,0.156,0.189,0.324,0.331,846006,0.036,1.13706275939941,0.082,0.008890007872285,8.98338782467264E-05
306,0.023,0.014,0.053,0.115,0.795,0.91,0.09,2,2,0.099,0.309,0.243,0.349,854757,0.039,0.883008117675781,0.12,0.015256967769787,0.001288085385671
2600,0.055,0.003,0.033,0.084,0.826,0.91,0.091,2,2,0.355,0.232,0.229,0.184,868707,0.062,0.650427856445313,0.269,0.01957622075107,0.000741331657279
1269,0.034,0.043,0.09,0.145,0.688,0.833,0.167,1,1,0.103,0.297,0.354,0.245,873972,0.042,1.09289001464844,0.086,0.01122003908592,0.001076693532516
218,0.017,0.011,0.035,0.121,0.817,0.938,0.063,1,1,0.115,0.123,0.191,0.571,881549,0.022,1.51442993164063,0.095,0.007629751721118,6.91963804621184E-05
2553,0.016,0.025,0.046,0.204,0.709,0.913,0.087,1,1,0.075,0.181,0.299,0.445,887207,0.03,1.41949279785156,0.065,0.007770452667754,8.34078180176667E-05
303,0.015,0.023,0.065,0.13,0.767,0.897,0.103,1,1,0.105,0.269,0.249,0.378,891720,0.039,0.954586944580078,0.108,0.014180460234154,0.001583456690441
195,0.022,0.028,0.105,0.177,0.668,0.845,0.155,2,2,0.262,0.277,0.3,0.161,900202,0.077,0.66206184387207,0.19,0.022284998255947,0.000159964096947
2945,0.028,0.057,0.103,0.206,0.606,0.812,0.188,1,1,0.087,0.275,0.374,0.264,904980,0.051,1.00133460998535,0.094,0.006024442529117,0.000149174567394
1197,0.087,0.034,0.064,0.094,0.72,0.814,0.185,1,1,0.135,0.257,0.282,0.327,909327,0.038,0.985146102905273,0.087,0.02535611501693,0.000814888373489
1815,0.018,0.014,0.04,0.161,0.766,0.927,0.072,1,1,0.086,0.277,0.3,0.337,918702,0.043,0.84150032043457,0.133,0.009304431687315,0.000675953682478
607,0.01,0.01,0.056,0.163,0.76,0.923,0.076,1,1,0.074,0.183,0.255,0.488,922921,0.029,1.39215744018555,0.06,0.012330416146127,0.000552593342225
1749,0.02,0.014,0.053,0.151,0.762,0.913,0.087,1,1,0.078,0.235,0.205,0.483,932202,0.029,1.25860862731934,0.057,0.022258051366549,0.00218836689902
447,0.036,0.054,0.081,0.19,0.639,0.829,0.171,1,1,0.123,0.228,0.288,0.361,936250,0.03,1.16585952758789,0.092,0.018703337783712,0.000256341789052
2477,0.034,0.025,0.105,0.184,0.653,0.837,0.164,1,1,0.118,0.275,0.295,0.311,937166,0.04,0.939550704956055,0.172,0.022899891801453,0.000303041296846
302,0.027,0.019,0.06,0.114,0.78,0.894,0.106,2,2,0.101,0.217,0.209,0.474,943332,0.036,1.22866195678711,0.09,0.018861864115709,0.001490461470617
3053,0.053,0.067,0.119,0.264,0.497,0.761,0.239,1,1,0.122,0.282,0.291,0.305,945726,0.04,0.833709869384766,0.169,0.020639170330519,0.000471595366946
328,0.049,0.042,0.086,0.194,0.629,0.823,0.177,1,1,0.105,0.279,0.325,0.292,957755,0.033,0.985489349365234,0.135,0.022262478400008,0.000163925012138
736,0.051,0.053,0.116,0.232,0.548,0.78,0.22,1,1,0.143,0.28,0.273,0.304,964582,0.033,0.880070114135742,0.152,0.015261532974905,0.000794126367691
1860,0.025,0.018,0.044,0.115,0.798,0.913,0.087,1,1,0.122,0.196,0.2,0.482,967506,0.038,1.41232406616211,0.084,0.037181164767971,0.001630997637224
541,0.011,0.012,0.027,0.151,0.798,0.949,0.05,2,2,0.083,0.262,0.311,0.343,974563,0.026,1.03835960388184,0.079,0.001890077911844,1.94959176574526E-05
365,0.025,0.019,0.074,0.133,0.75,0.883,0.118,1,1,0.089,0.283,0.319,0.31,974996,0.03,0.957937774658203,0.114,0.017029813455645,0.000448206967003
1567,0.024,0.028,0.069,0.182,0.697,0.879,0.121,1,1,0.067,0.212,0.289,0.432,994205,0.031,1.22284965515137,0.093,0.013238718372971,0.000653788705549
190,0.021,0.022,0.059,0.156,0.741,0.897,0.102,2,2,0.247,0.229,0.317,0.207,999101,0.072,0.707832336425781,0.205,0.015096571818065,0.000138124173632
2535,0.021,0.026,0.054,0.181,0.719,0.9,0.101,1,1,0.063,0.148,0.271,0.517,1034730,0.031,1.51219467163086,0.061,0.006185188406637,8.02141621485798E-05
101,0.023,0.024,0.073,0.121,0.759,0.88,0.12,2,2,0.117,0.225,0.34,0.319,1047279,0.044,0.905250930786133,0.14,0.015731242581967,0.000441143191069
1196,0.025,0.029,0.041,0.128,0.777,0.905,0.095,1,1,0.087,0.133,0.189,0.59,1050688,0.029,1.2697013092041,0.073,0.01684991167692,0.000750936529208
440,0.026,0.036,0.089,0.187,0.662,0.849,0.151,1,1,0.079,0.183,0.224,0.514,1063937,0.035,1.2790153503418,0.138,0.016784828424991,0.000374082299986
1922,0.029,0.037,0.075,0.166,0.694,0.86,0.141,1,1,0.099,0.174,0.279,0.448,1110356,0.036,1.21027046203613,0.103,0.018623756705057,0.00019363159203
1954,0.015,0.02,0.07,0.168,0.727,0.895,0.105,1,1,0.073,0.154,0.255,0.518,1111761,0.033,1.47028991699219,0.08,0.009927493409105,0.000118730554499
2814,0.018,0.016,0.054,0.163,0.748,0.911,0.088,1,1,0.079,0.128,0.182,0.611,1147532,0.023,1.67250335693359,0.06,0.013671949888979,0.000454889275419
187,0.018,0.016,0.039,0.121,0.806,0.927,0.073,1,1,0.106,0.176,0.301,0.417,1153526,0.031,1.32493194580078,0.079,0.006767077638475,0.000104895771747
2760,0.028,0.032,0.094,0.202,0.644,0.846,0.154,1,1,0.096,0.228,0.332,0.345,1160437,0.025,1.05595405578613,0.09,0.01665148560413,0.000152528745636
2217,0.017,0.022,0.035,0.165,0.761,0.926,0.074,1,1,0.057,0.278,0.258,0.407,1216045,0.041,1.02118034362793,0.108,0.006710277991357,0.000197361117393
2033,0.042,0.052,0.084,0.213,0.609,0.822,0.178,1,1,0.107,0.28,0.295,0.319,1235072,0.042,0.894368362426758,0.162,0.010135441496528,0.000384592963001
1282,0.028,0.027,0.049,0.169,0.727,0.896,0.104,1,1,0.061,0.188,0.287,0.464,1257584,0.034,1.36515914916992,0.078,0.011705778699475,0.000895367625542
1329,0.021,0.044,0.096,0.243,0.596,0.839,0.161,1,1,0.068,0.167,0.273,0.492,1265843,0.028,1.10457672119141,0.097,0.013861908625319,0.00064383971788
2716,0.015,0.008,0.024,0.158,0.795,0.953,0.047,1,1,0.109,0.168,0.237,0.486,1273954,0.026,1.25991508483887,0.108,0.016458208067167,0.000216648324822
2040,0.042,0.054,0.09,0.198,0.617,0.815,0.186,1,1,0.09,0.248,0.269,0.393,1316756,0.035,1.10125373840332,0.135,0.012874063228115,0.000389593819964
1830,0.017,0.018,0.043,0.142,0.779,0.921,0.078,1,1,0.088,0.23,0.23,0.452,1356924,0.034,1.6347900390625,0.056,0.031889037263694,0.001994216330465
361,0.02,0.02,0.072,0.164,0.724,0.888,0.112,1,1,0.115,0.245,0.301,0.338,1393452,0.029,1.06647186279297,0.126,0.021145328292614,0.000165775355018
1803,0.043,0.013,0.066,0.136,0.742,0.878,0.122,1,1,0.28,0.276,0.245,0.198,1418207,0.054,0.575668411254883,0.262,0.035501869614238,0.002770399525598
341,0.023,0.031,0.069,0.155,0.722,0.877,0.123,1,1,0.116,0.271,0.286,0.327,1471968,0.031,1.03268692016602,0.135,0.020101659818692,0.00023166264484
1852,0.04,0.019,0.053,0.106,0.782,0.888,0.112,1,1,0.096,0.279,0.269,0.356,1476601,0.037,1.46090957641602,0.068,0.029324103126031,0.001384260202993
363,0.03,0.02,0.05,0.116,0.784,0.9,0.1,1,1,0.118,0.245,0.28,0.357,1496770,0.033,1.12539276123047,0.114,0.022616701296793,0.000556531731662
214,0.025,0.028,0.062,0.164,0.722,0.886,0.115,1,1,0.126,0.223,0.346,0.304,1552058,0.037,0.893910980224609,0.126,0.006452722771958,9.14914262224736E-05
2266,0.023,0.012,0.051,0.12,0.794,0.914,0.086,1,1,0.161,0.33,0.223,0.286,1584064,0.055,0.750106353759766,0.23,0.019162104561432,0.001066876085815
1214,0.023,0.011,0.041,0.127,0.798,0.925,0.075,1,1,0.069,0.196,0.184,0.552,1611699,0.023,1.2432088470459,0.069,0.016008572320266,0.001230378625289
1831,0.02,0.016,0.04,0.121,0.803,0.924,0.076,1,1,0.13,0.124,0.137,0.608,1628706,0.035,1.29108245849609,0.141,0.017709150700004,0.001529435023878
181,0.019,0.008,0.055,0.123,0.795,0.918,0.082,1,1,0.12,0.176,0.244,0.46,1671329,0.029,1.33778900146484,0.089,0.006883743416168,0.00011308365977
1301,0.046,0.032,0.075,0.156,0.69,0.846,0.153,1,1,0.141,0.3,0.325,0.233,1749343,0.051,0.852676315307617,0.198,0.015553267712507,0.001603459127227
223,0.015,0.014,0.04,0.168,0.764,0.932,0.069,1,1,0.119,0.145,0.223,0.513,1927852,0.025,1.64684234619141,0.061,0.005353626730683,9.95927073240062E-05
319,0.026,0.023,0.043,0.117,0.791,0.908,0.092,1,1,0.112,0.274,0.295,0.319,1952778,0.03,1.03768707275391,0.123,0.029085231398551,0.000379971507258
2508,0.015,0.016,0.057,0.09,0.822,0.912,0.088,1,1,0.162,0.252,0.31,0.276,2003554,0.031,0.920554580688476,0.152,0.020557968489993,0.000304958089475
2709,0.023,0.034,0.077,0.144,0.722,0.866,0.134,1,1,0.144,0.24,0.302,0.315,2102515,0.033,1.09502838134766,0.102,0.013731649952557,0.000184540895071
216,0.027,0.022,0.048,0.134,0.768,0.902,0.097,1,1,0.205,0.265,0.328,0.203,2180085,0.038,0.838043823242188,0.133,0.014997580369573,0.000191276945624
2935,0.016,0.02,0.05,0.191,0.724,0.915,0.086,1,1,0.07,0.152,0.263,0.514,2252782,0.028,1.30078552246094,0.077,0.006843982240625,0.000299185629147
1841,0.022,0.023,0.068,0.136,0.751,0.887,0.113,1,1,0.185,0.276,0.224,0.315,2253858,0.035,1.01300704956055,0.11,0.030186018817512,0.002639474181603
1723,0.027,0.032,0.054,0.145,0.742,0.887,0.113,1,1,0.143,0.286,0.332,0.239,2266715,0.04,0.98202880859375,0.133,0.018602691560254,0.000303522939584
213,0.026,0.014,0.041,0.116,0.803,0.919,0.081,1,1,0.183,0.269,0.33,0.218,2470546,0.042,0.906519241333008,0.113,0.015224165022631,0.000281314332945
1824,0.035,0.034,0.058,0.141,0.732,0.873,0.127,1,1,0.184,0.256,0.195,0.365,2559903,0.041,0.923137817382812,0.177,0.024160290448505,0.002195005045113
2549,0.024,0.019,0.059,0.141,0.757,0.898,0.102,1,1,0.213,0.226,0.254,0.307,2635516,0.035,0.965070877075195,0.14,0.019195482023255,0.000258393422768
356,0.032,0.023,0.06,0.128,0.756,0.884,0.115,1,1,0.185,0.277,0.249,0.288,2716940,0.024,0.928933410644531,0.157,0.044611217030925,0.000606196677144
210,0.023,0.021,0.046,0.156,0.754,0.91,0.09,1,1,0.149,0.171,0.281,0.399,3175692,0.028,1.19071655273438,0.095,0.011598416974946,0.000204364906924
217,0.017,0.023,0.034,0.126,0.8,0.926,0.074,1,1,0.129,0.184,0.306,0.381,3338330,0.032,1.03920516967773,0.103,0.008878690842427,0.000169246299797
98,0.023,0.025,0.059,0.158,0.734,0.892,0.107,1,1,0.126,0.226,0.328,0.32,4485414,0.04,1.10651809692383,0.122,0.02659620717285,0.000465731814276
2593,0.019,0.024,0.069,0.152,0.736,0.888,0.112,1,1,0.191,0.232,0.268,0.31,4713325,0.038,0.962432098388672,0.15,0.015887722573767,0.000273267809879
601,0.023,0.021,0.072,0.162,0.722,0.884,0.116,1,1,0.133,0.233,0.254,0.38,5150233,0.038,1.00235511779785,0.13,0.020607028847044,0.000949083274485
199,0.021,0.013,0.049,0.131,0.786,0.917,0.083,1,1,0.213,0.207,0.262,0.318,10039107,0.044,0.904231338500976,0.134,0.018995016190185,0.000465081206924
